Height,u,tke,omega
0.0,0.0,0.31555864234840914,66.09814739226394
0.0002813263340389897,0.005560375314650824,0.316243834979026,65.66851292706481
0.0011253053361559588,0.022027195683015463,0.31826435156288274,64.41247978262612
0.002531937006350907,0.04878433281914489,0.3215204358340139,62.422565889760186
0.004501221344623835,0.08488743594547257,0.3258622710711321,59.83467913902451
0.007033158350974742,0.12916683800856044,0.3311096789316644,56.80673440460466
0.010127748025403628,0.18033823049312245,0.33707209816626904,53.49785081250404
0.013784990367910494,0.23710250079915032,0.3435651556053022,50.052316984692204
0.01800488537849534,0.298223237599264,0.35042204308249536,46.59004471909478
0.02278743305715817,0.3625781126724029,0.3574996450517112,43.203089188750376
0.028132633403898967,0.42918615226651374,0.36468041576159865,39.956630337708816
0.03404048641871774,0.49721600703988494,0.37187136398681453,36.89255442157753
0.04051099210161451,0.5659811268465865,0.37900140048959063,34.03408660753296
0.047544150452589265,0.6349271253652786,0.38601799726806174,31.39043575604139
0.05513996147164198,0.7036153962636348,0.3928837758370919,28.960887035691606
0.06329842515877267,0.7717057572902493,0.3995733697088843,26.738122729683592
0.07201954151398136,0.8389398180351025,0.40607071609000517,24.710760453882173
0.08130331053726803,0.9051259704825647,0.4123668143939862,22.86520226679891
0.09114973222863268,0.9701263694084138,0.418457925244031,21.186925166748196
0.10155880658807527,1.0338459451236521,0.42434415456759145,19.661343400311427
0.11253053361559587,1.0962233129237657,0.43002835885366886,18.274355985250377
0.12406491331119446,1.157223360750329,0.4355153099914697,17.012670593334587
0.13616194567487097,1.2168312713406235,0.4408110653833938,15.863973385426322
0.14882163070662552,1.2750477419739852,0.44592249784902854,14.816996015502955
0.16204396840645804,1.3318851875724769,0.45085694846447166,13.861516434529909
0.17582895877436855,1.387364741649813,0.45562197313051067,12.988319067943483
0.19017660181035706,1.4415138989810181,0.4602251600817582,12.189131824551302
0.20508689751442347,1.4943646711114291,0.4646740007530491,11.456551580690013
0.2205598458865679,1.545952149747777,0.4689758005443366,10.783965699731807
0.23659544692679033,1.5963133933762774,0.47313761924447517,10.16547432766872
0.25319370063509067,1.6454865692957223,0.4771662333594952,9.595816291072822
0.2703546070114691,1.6935102970115112,0.4810681144949789,9.070300146451402
0.28807816605592546,1.7404231500529528,0.4848494193929791,8.584741095210862
0.30636437776845976,1.7862632821897695,0.4885159883251483,8.13540394708193
0.3252132421490721,1.8310681511326259,0.4920733493772641,7.7189519890125755
0.3446247591977624,1.874874318451017,0.4955267267899113,7.332401427993603
0.3645989289145307,1.9177173089187791,0.4988810519948213,6.97308097800064
0.3851357512993768,1.9596315160399946,0.5021409763438385,6.638596121069805
0.4062352263523011,2.0006501433086354,0.50531088479627,6.3267975687160645
0.42789735407330326,2.040805172968172,0.5083949100321634,6.035753467888267
0.45012213446238347,2.0801273557857396,0.5113969466102488,5.7637249258057
0.47290956751954166,2.1186462167369036,0.514320664902295,5.509144464082247
0.49625965324477783,2.1563900725889362,0.5171695246198357,5.2705970505403705
0.5201723916380919,2.1933860582336826,0.5199467878116907,5.046803394605729
0.5446477826994839,2.229660159303795,0.5226555312568086,4.836605227728439
0.569685826428954,2.265237249146111,0.5252986582107128,4.6389523231396765
0.5952865228265021,2.300141128653178,0.5278789094883157,4.452891039092042
0.6214498718921282,2.3343945677919464,0.5303988738833776,4.27755419648689
0.6481758736258322,2.368019347935948,0.5328609979371752,4.1121521255615825
0.6754645280276143,2.4010363043186267,0.5352675950773452,3.9559647372849955
0.7033158350974742,2.4334653680923535,0.5376208541533625,3.808334493527308
0.7317297948354122,2.4653256076093073,0.5399228473984738,3.668660166182412
0.7607064072414282,2.496635268644016,0.5421755378496986,3.536391289479374
0.7902456723155219,2.527411813358741,0.5443807862581631,3.4110232219617176
0.8203475900576939,2.5576719578765648,0.5465403575218771,3.2920927452608235
0.8510121604679438,2.5874317083766782,0.5486559266723369,3.1791741360427075
0.8822393835462716,2.6167063956648264,0.5507290844452273,3.0718756555451017
0.9140292592926775,2.645510708201468,0.5527613424641373,2.9698364081031143
0.9463817877071613,2.6738587235927342,0.5547541380646909,2.8727235261263915
0.9792969687897232,2.7017639385662653,0.5567088387849114,2.7802296442609986
1.0127748025403627,2.7292392974665254,0.5586267465460317,2.6920706300515165
1.0468152889590805,2.7562972193133013,0.5605091015463669,2.607983542405659
1.0814184280458763,2.782949623473374,0.5623570858893189,2.5277247926351016
1.11658421980075,2.8092079539995645,0.5641718269650923,2.4510684858713625
1.1523126642237018,2.835083202693832,0.5659544006042813,2.3778049232944714
1.1886037613147313,2.8605859309523205,0.567705834020146,2.307739247916304
1.225457511073839,2.885726290450445,0.5694271085551406,2.240690218674498
1.2628739135010247,2.910514042725564,0.5711191622460703,2.1764890993552415
1.3008529685962884,2.934958577713678,0.5727828922211654,2.1149786504070973
1.33939467635963,2.9590689312950436,0.5744191569413315,2.0560122130620426
1.3784990367910497,2.9828538019017836,0.5760287782968976,1.9994528763688046
1.4181660498905473,3.0063215662385416,0.5776125435703037,1.9451727187887058
1.4583957156581229,3.0294802941650736,0.5791712072743671,1.8930521169240775
1.4991880340937758,3.052337762787444,0.5807054928750148,1.84297911475983
1.5405430051975073,3.074901469802253,0.5822160944066923,1.7948488475138407
1.5824606289693168,3.097178646136071,0.583703677988017,1.7485630148234128
1.6249409054092043,3.1191762679200465,0.5851688832446712,1.7040293985535737
1.6679838345171698,3.140901067837533,0.5866123246459879,1.6611614210074688
1.711589416293213,3.1623595458804314,0.5880345927611945,1.6198777397574249
1.7557576507373345,3.1835579795480147,0.5894362554408246,1.5801018757042038
1.8004885378495339,3.204502433519998,0.5908178589283909,1.5417618713175487
1.8457820776298113,3.2251987688338466,0.5921799289070353,1.5047899763184887
1.8916382700781667,3.2456526515945088,0.593522971485508,1.4691223583375683
1.9380571151946,3.265869561243137,0.5948474741275185,1.4346988363271682
1.9850386129791113,3.285854798409764,0.596153906528189,1.4014626347238213
2.0325827634317006,3.305613492373432,0.5974427214410782,1.3693601565509799
2.0806895665523677,3.3251506081518465,0.5987143554589826,1.338340773826683
2.129359022341113,3.3444709532413284,0.5999692297514931,1.3083566337963504
2.1785911307979355,3.363579184026576,0.6012077507620711,1.279362479650565
2.2283858919228368,3.382479811878572,0.6024303108672094,1.2513154845129701
2.278743305715816,3.401177208957894,0.6036372890000603,1.224175097595927
2.3296633721768734,3.41967561373963,0.604829051240748,1.1979029015227163
2.3811460913060083,3.437979136275129,0.6060059513754239,1.1724624799061114
2.4331914631032214,3.4560917632049324,0.6071683314259845,1.147819294355135
2.4857994875685128,3.474017362536335,0.6083165221522328,1.1239405701557605
2.538970164701882,3.491759688198276,0.6094508435281505,1.1007951899380357
2.5927034945033287,3.5093223843854457,0.6105716051938269,1.0783535947024028
2.6469994769728538,3.526708989702852,0.6116791068844922,1.0565876916324886
2.701858112110457,3.5439229411213913,0.6127736388380003,1.0354707681709756
2.757279399916138,3.5609675777543552,0.613855482182023,1.014977411879853
2.813263340389897,3.577846144464232,0.6149249093021296,0.995083435646858
2.8698099335317337,3.5945617953086204,0.6159821841918495,0.9757658078366974
2.926919179341649,3.611117596833553,0.617027562785746,0.9570025870190154
2.984591077819642,3.6275165312220436,0.6180612932764622,0.9387728609354372
3.042825628965713,3.6437614993052607,0.6190836164166372,0.9210566893956307
3.101622832779861,3.659855323443242,0.6200947658065352,0.903835050817466
3.1609826892620876,3.675800750281752,0.6210949681681768,0.8870897921492653
3.2209051984123924,3.6916004533914344,0.6220844436067104,0.8708035819330302
3.2813903602307755,3.7072570357951316,0.6230634058597201,0.854959866286595
3.3424381747172363,3.7227730323888673,0.6240320625351161,0.8395428276000763
3.4040486418717752,3.7381509122617143,0.6249906153382243,0.8245373457579063
3.466221761694392,3.753393080919453,0.6259392602886427,0.8099289617123007
3.5289575341850865,3.7685018824166976,0.6268781879274085,0.7957038432473357
3.592255959343859,3.7834796014018606,0.6278075835149795,0.7818487527850314
3.65611703717071,3.798328465079135,0.6287276272205079,0.7683510170960248
3.720540767665639,3.8130506450914123,0.6296384943028543,0.7551984987876869
3.785527150828645,3.8276482593278764,0.6305403552837635,0.7423795694519705
3.85107618665973,3.8421233736597813,0.6314333761136012,0.7298830843639338
3.9171878751588927,3.856478003607763,0.632317718330024,0.7176983586298447
3.9838622163261332,3.8707141159438407,0.6331935392099381,0.705815144691099
4.051099210161451,3.884833630231106,0.6340609919150777,0.6942236110969247
4.118898856664848,3.8988384203039357,0.634920225631517,0.682914322465052
4.187261155836322,3.912730315691431,0.6357713857034153,0.6718782205552609
4.256186107675876,3.926511102986622,0.6366146137612713,0.6611066063859802
4.325673712183505,3.9401825271638766,0.6374500478449523,0.6505911233290023
4.3957239693592145,3.953746292846809,0.6382778225217504,0.6403237411218565
4.466336879203,3.9672040655288576,0.6390980689996978,0.6302967407415557
4.537512441714865,3.9805574727486346,0.6399109152363684,0.6205027000872573
4.609250656894807,3.9938081052219907,0.6407164860433742,0.6109344804229484
4.681551524742827,4.006957517932683,0.6415149031867586,0.6015852135345399
4.754415045258925,4.020007231183423,0.6423062854834757,0.5924482895588096
4.827841218443101,4.032958731608994,0.6430907488941321,0.5835173454444542
4.901830044295356,4.045813473153051,0.6438684066121667,0.5747862540081231
4.976381522815688,4.05857287801014,0.6446393691496243,0.5662491135507406
5.051495654004099,4.071238337534384,0.6454037444196792,0.5579002380016679
5.127172437860587,4.083811213116232,0.646161637816052,0.5497341475603583
5.203411874385154,4.096292837028594,0.6469131522894579,0.5417455598070899
5.280213963577797,4.108684513243619,0.647658388421218,0.5339293812561797
5.35757870543852,4.120987518221311,0.6483974444941545,0.526280699326752
5.435506099967319,4.133203101671139,0.649130416560892,0.518794774707708
5.513996147164199,4.14533248728773,0.6498573985096724,0.5114670340949883
5.593048847029154,4.157376873461665,0.6505784821277936,0.5042930632805864
5.672664199562189,4.169337433966406,0.6512937571627704,0.4972686005740259
5.7528422047633,4.181215318622272,0.6520033113813156,0.490389530538198
5.8335828626324915,4.193011653938376,0.6527072306262321,0.48365187802255205
5.914886173169758,4.2047275437334015,0.6534055988713033,0.47705180247765805
5.996752136375103,4.216364069736018,0.6540984982742638,0.4705855925361158
6.079180752248528,4.227922292165743,0.6547860092279331,0.4642496608456833
6.162172020790029,4.239403250294986,0.655468210409581,0.4580405391413281
6.24572594199961,4.250807962993028,0.6561451788286055,0.45195487354368885
6.329842515877267,4.262137429252567,0.6568169898725811,0.4459894200721665
6.4145217424230045,4.273392628699548,0.6574837173517528,0.4401410403615436
6.499763621636817,4.284574522086868,0.6581454335420306,0.4344066975716761
6.58556815351871,4.295684051772573,0.6588022092265481,0.428783452480395
6.671935338068679,4.3067221421831166,0.6594541137358403,0.42326845975032373
6.7588651752867275,4.3176897002622425,0.6601012149866946,0.4178589643608362
6.846357665172852,4.328587615906003,0.6607435795197274,0.41255229819687966
6.934412807727058,4.339416762384437,0.6613812725357349,0.4073458767868463
7.023030602949338,4.350177996750381,0.6620143579308666,0.4022371961821133
7.112211050839699,4.360872160235877,0.6626428983306641,0.3972238299712768
7.2019541513981356,4.371500078636628,0.6632669551230114,0.3923034264224924
7.29225990462465,4.382062562684935,0.6638865884900355,0.38747370574768847
7.383128310519245,4.392560408411501,0.6645018574389975,0.38273245748276297
7.474559369081915,4.402994397496515,0.6651128198322128,0.37807753797818777
7.566553080312667,4.413365297610391,0.665719532416035,0.37350686799474514
7.659109444211493,4.4236738627445185,0.6663220508489387,0.36901843039940374
7.7522284607784,4.43392083353236,0.666920429728735,0.36461026795660284
7.845910130013382,4.444106937561266,0.6675147226189505,0.360280481210467
7.940154451916445,4.454232889675269,0.6681049820744,0.35602722645370377
8.034961426487584,4.464299392269226,0.6686912596659829,0.35184871377916305
8.130331053726803,4.474307135574559,0.6692736060047304,0.3477432052102404
8.226263333634098,4.484256797936894,0.6698520707651313,0.3437090129065073
8.32275826620947,4.494149046085879,0.67042670270776,0.33974449744113405
8.419815851452922,4.503984535397419,0.6709975497012328,0.33584806614684737
8.517436089364452,4.513763910148609,0.6715646587435178,0.33201817152732965
8.61561897994406,4.523487803765583,0.672128075982616,0.32825330973112204
8.714364523191742,4.533156839064527,0.6726878467366412,0.3245520190852423
8.813672719107508,4.542771628486073,0.6732440155133144,0.32091287868586404
8.913543567691347,4.552332774323284,0.6737966260288967,0.317334507043543
9.01397706894327,4.561840868943464,0.6743457212265788,0.31381556078058703
9.114973222863265,4.571296495003943,0.6748913432943425,0.3103547333783011
9.216532029451342,4.5807002256620954,0.675433533682318,0.3069507539719327
9.318653488707493,4.590052624779709,0.6759723331196476,0.30360238619126223
9.421337600631727,4.599354247121935,0.6765077816308772,0.30030842704487176
9.524584365224033,4.608605638550967,0.6770399185518889,0.29706770584622866
9.628393782484423,4.61780733621461,0.6775687825453904,0.29387908317980094
9.732765852412886,4.626959868729922,0.678094411615975,0.2907414499055154
9.837700575009432,4.636063756362054,0.6786168431247682,0.2876537261999397
9.943197950274051,4.645119511198458,0.679136113803673,0.2846148606326545
10.049257978206752,4.654127637318598,0.6796522597692266,0.28162382927634705
10.155880658807527,4.663088630959296,0.6801653165360818,0.27867963484922936
10.263065992076385,4.67200298067586,0.6806753190301246,0.27578130588844807
10.370813978013315,4.6808711674991095,0.681182301601241,0.2729278959532146
10.479124616618325,4.689693665088428,0.6816862980357419,0.2701184828564407
10.587997907891415,4.698470939880962,0.6821873415684582,0.2673521679237245
10.697433851832582,4.70720345123708,0.6826854648945169,0.2646280752785789
10.807432448441828,4.715891651582207,0.6831807001808073,0.2619453511528479
10.91799369771915,4.724535986545132,0.6836730790771472,0.2593031632213037
11.029117599664552,4.733136895092908,0.6841626327271583,0.25670069995946027
11.14080415427803,4.741694809662431,0.6846493917788605,0.2541371700236849
11.253053361559587,4.750210156288798,0.6851333863949925,0.2516118016527269
11.365865221509221,4.758683354730548,0.6856146462630682,0.24912384208982413
11.479239734126935,4.767114818591854,0.6860932006051762,0.24667255702458363
11.593176899412725,4.775504955441788,0.6865690781875302,0.24425723005386724
11.707676717366596,4.783854166930698,0.6870423073297782,0.24187716216094743
11.82273918798854,4.792162848903829,0.6875129159140783,0.23953167121223046
11.938364311278567,4.800431391512225,0.6879809313939453,0.23722009147087253
12.054552087236669,4.808660179321005,0.6884463808028792,0.2349417731266468
12.171302515862852,4.8168495914151,0.6889092907627781,0.23269608184144172
12.288615597157108,4.825000001502504,0.6893696874921437,0.2304823983098035
12.406491331119444,4.8331117780151,0.6898275968140865,0.22830011783395332
12.52492971774986,4.84118528420717,0.6902830441641329,0.22614864991274122
12.64393075704835,4.849220878251599,0.690736054597845,0.22402741784401448
12.763494449014923,4.857218913333878,0.6911866527982539,0.22193585833990453
12.88362079364957,4.865179737743948,0.6916348630831135,0.21987342115455577
13.004309790952298,4.873103694965943,0.6920807094119829,0.2178395687238374
13.125561440923102,4.880991123765898,0.6925242153931358,0.21583377581660226
13.247375743561985,4.888842358277471,0.6929654042903087,0.21385552919706988
13.369752698868945,4.896657728085736,0.6934042990292876,0.2119043272979323
13.492692306843985,4.904437558309086,0.6938409222043398,0.20997967990379418
13.616194567487101,4.912182169679325,0.6942752960844953,0.20808110784457742
13.740259480798297,4.919891878619962,0.694707442619681,0.206208142698532
13.864887046777568,4.927566997322783,0.6951373834467117,0.20436032650451288
13.990077265424919,4.935207833822726,0.6955651398951443,0.20253721148319265
14.115830136740346,4.942814692071119,0.6959907329929944,0.20073835976689577
14.242145660723851,4.9503878720073216,0.6964141834723239,0.19896334313775066
14.369023837375437,4.957927669628796,0.6968355117747,0.19721174277386874
14.496464666695099,4.965434377059663,0.6972547380565299,0.19548314900327082
14.62446814868284,4.972908282617788,0.6976718821942753,0.19377716106529164
14.753034283338657,4.9803496708804165,0.6980869637895484,0.19209338687920474
14.882163070662555,4.987758822748404,0.698500002174094,0.1904314428198189
15.011854510654528,4.995136015509085,0.6989110164146609,0.18879095349980773
15.14210860331458,5.002481522897803,0.699320025317763,0.18717155155854165
15.27292534864271,5.009795615158137,0.699727047434337,0.18557287745720344
15.40430474663892,5.017078559100875,0.7001321010642955,0.18399457927997245
15.536246797303205,5.024330618161726,0.7005352042609807,0.182436312541075
15.66875150063557,5.031552052457861,0.7009363748355214,0.18089773999750292
15.801818856636011,5.038743118843243,0.7013356303610935,0.17937853146721153
15.935448865304533,5.045904070962845,0.7017329881770893,0.17787836365261475
16.069641526641128,5.053035159305721,0.7021284653931956,0.17639691996920162
16.204396840645803,5.060136631257012,0.7025220788933854,0.17493389037910498
16.339714807318558,5.067208731148869,0.7029138453398218,0.17348897122946072
16.475595426659392,5.074251700310351,0.7033037811766818,0.17206186509539936
16.612038698668304,5.081265777116307,0.7036919026338952,0.17065228062752005
16.749044623345288,5.088251197035263,0.7040782257308069,0.1692599324037007
16.886613200690352,5.0952081926763615,0.7044627662797607,0.16788454078510487
17.024744430703503,5.102136993835344,0.7048455398896085,0.16652583177624944
17.163438313384724,5.109037827539619,0.7052265619691457,0.16518353688900356
17.30269484873402,5.115910918092445,0.7056058477304744,0.1638573930103924
17.442514036751398,5.122756487116221,0.7059834121922988,0.16254714227408557
17.582895877436858,5.129574753594931,0.7063592701831498,0.16125253193545264
17.72384037079039,5.1363659339157595,0.7067334363445452,0.15997331425007383
17.865347516812,5.143130241909876,0.7071059251340841,0.15870924635559644
18.007417315501687,5.1498678888924445,0.7074767508284788,0.15746009015683268
18.15004976685946,5.156579083701838,0.7078459275265244,0.15622561221399783
18.293244870885307,5.163264032738099,0.7082134691520079,0.15500558363399092
18.43700262757923,5.169922940000665,0.7085793894565598,0.1537997799646235
18.581323036941228,5.1765560071253605,0.7089437020224472,0.1526079810917059
18.726206098971307,5.183163433420683,0.7093064202653112,0.15142997113890314
18.87165181366947,5.189745415903401,0.7096675574368502,0.15026553837027543
19.0176601810357,5.196302149333468,0.7100271266274489,0.14911447509542197
19.164231201070013,5.202833826248282,0.7103851407687563,0.14797657757714774
19.311364873772405,5.209340636996306,0.7107416126362116,0.14685164594157854
19.45906119914288,5.215822769770029,0.7110965548515219,0.14573948409064913
19.607320177181425,5.222280410638349,0.7114499798850903,0.14463989961689408
19.75614180788805,5.228713743578319,0.7118019000583965,0.1435527037204713
19.90552609126275,5.235122950506319,0.7121523275463322,0.1424777111283531
20.05547302730554,5.241508211308653,0.7125012743794902,0.1414147400156193
20.205982616016396,5.247869703871569,0.7128487524464098,0.14036361192879046
20.357054857395333,5.254207604110742,0.7131947734957796,0.13932415171114115
20.508689751442347,5.260522086000204,0.7135393491385966,0.1382961874299352
20.660887298157444,5.266813321600756,0.7138824908502858,0.1372795503055262
20.813647497540614,5.273081481087855,0.714224209972778,0.13627407464226934
20.96697034959186,5.279326732779008,0.7145645177165497,0.13527959776119164
21.120855854311188,5.285549243160655,0.7149034251626235,0.13429595993436963
21.27530401169859,5.291749176914581,0.7152409432645308,0.13332300432096558
21.43031482175408,5.2979266969438505,0.715577082850239,0.1323605769048739
21.58588828447764,5.3040819643982795,0.7159118546240405,0.13140852643393233
21.742024399869276,5.31021513869945,0.716245269168409,0.13046670436065266
21.898723167928992,5.316326377565291,0.71657733694582,0.12953496478442797
22.055984588656795,5.32241583703421,0.7169080683005374,0.12861316439517476
22.213808662052664,5.328483671488815,0.7172374734603687,0.127701162418369
22.372195388116616,5.334530033679208,0.7175655625383859,0.12679882056143704
22.53114476684864,5.340555074745879,0.7178923455346171,0.12590600296146345
22.690656798248757,5.346558944242196,0.7182178323377062,0.12502257613417891
22.850731482316938,5.352541790156509,0.7185420327265422,0.12414840892419278
23.0113688190532,5.358503758933862,0.7188649563718592,0.12328337245643467
23.172568808457537,5.3644449954973465,0.7191866128378092,0.12242734008877333
23.334331450529966,5.370365643269073,0.7195070115835034,0.12158018736577893
23.49665674527046,5.376265844190785,0.7198261619645292,0.12074179197359802
23.65954469267903,5.3821457387441285,0.7201440732344382,0.11991203369591039
23.82299529275568,5.388005465970578,0.7204607545462082,0.11909079437093835
23.987008545500412,5.393845163491004,0.7207762149536793,0.11827795784948031
24.151584450913226,5.39966496752494,0.7210904634129655,0.1174734099539399
24.316723008994114,5.4054650129095,0.7214035087838394,0.11667703843832472
24.482424219743077,5.411245433117987,0.7217153598310955,0.11588873294918785
24.648688083160117,5.417006360278199,0.7220260252258867,0.1151083849874874
24.815514599245244,5.422747925190415,0.7223355135470395,0.11433588787133908
24.98290376799844,5.428470257345085,0.7226438332823464,0.11357113669963852
25.150855589419717,5.434173484940236,0.7229509928298342,0.11281402831652944
25.31937006350907,5.439857734898585,0.7232570004990123,0.11206446127669614
25.48844719026651,5.445523132884361,0.7235618645120989,0.11132233581145781
25.658086969692018,5.4511698033198694,0.7238655930052256,0.11058755379564433
25.828289401785604,5.45679786940177,0.7241681940296225,0.109860018715232
25.99905448654727,5.462407453117095,0.7244696755527826,0.1091396356357205
26.17038222397701,5.467998675259008,0.724770045459606,0.1084263111712311
26.34227261407484,5.473571655442307,0.7250693115535254,0.10771995345430725
26.51472565684074,5.479126512118672,0.7253674815576129,0.10702047210640006
26.687741352274717,5.484663362591676,0.725664563115667,0.10632777820902015
26.861319700376768,5.490182323031552,0.725960563793283,0.10564178427553947
27.03546070114691,5.495683508489714,0.7262554910789044,0.10496240422362588
27.21016435458512,5.50116703291306,0.7265493523848562,0.10428955334829473
27.38543066069141,5.5066330091580475,0.726842155048364,0.10362314829556142
27.561259619465776,5.512081549004528,0.7271339063325525,0.10296310703667969
27.73765123090823,5.517512763169388,0.7274246134274297,0.10230934884295112
27.91460549501875,5.5229267613199555,0.7277142834508553,0.10166179426109122
28.09212241179735,5.528323652087206,0.7280029234494919,0.10102036508913773
28.270201981244032,5.533703543078756,0.728290540399741,0.10038498435288834
28.448844203358796,5.539066540891666,0.7285771412086647,0.09975557628285397
28.628049078141633,5.544412751125021,0.7288627327148918,0.09913206629171496
28.807816605592542,5.549742278392344,0.7291473216895081,0.09851438095226751
28.988146785711532,5.5550552263337964,0.7294309148369355,0.09790244797584867
29.1690396184986,5.560351697628199,0.7297135187957932,0.09729619619122747
29.350495103953758,5.565631794004867,0.7299951401397478,0.09669555552395125
29.53251324207698,5.570895616255263,0.7302757853783489,0.09610045697613566
29.715094032868283,5.576143264244478,0.7305554609578513,0.09551083260668752
29.89823747632766,5.5813748369225245,0.730834173262024,0.09492661551195018
30.08194357245513,5.586590432335474,0.7311119286129474,0.09434773980676085
30.266212321250666,5.591790147636409,0.7313887332717965,0.09377414060591031
30.45104372271428,5.59697407909623,0.7316645934396131,0.09320575400599454
30.636437776845973,5.602142322114276,0.7319395152580648,0.09264251706764967
30.822394483645752,5.607294971228811,0.732213504810193,0.0920843677981605
31.0089138431136,5.612432120127329,0.7324865681211489,0.09153124513443381
31.195995855249524,5.61755386165673,0.7327587111589177,0.09098308892632768
31.38364052005353,5.62266028783332,0.7330299398350325,0.09043983992032847
31.57184783752562,5.627751489852683,0.7333002600052761,0.08990143974356703
31.76061780766578,5.632827558099397,0.733569677470373,0.08936783088816629
31.94995043047402,5.637888582156604,0.7338381979766698,0.08883895669591228
32.139845705950336,5.642934650815454,0.7341058272168062,0.08831476134324091
32.330303634094726,5.647965852084393,0.7343725708303749,0.08779518982653338
32.52132421490721,5.652982273198323,0.7346384344045718,0.08728018794771258
32.71290744838776,5.657984000627633,0.7349034234748366,0.08676970230013405
32.90505333453639,5.662971120087092,0.7351675435254836,0.08626368025476375
33.09776187335309,5.667943716544617,0.7354307999903222,0.08576206994663703
33.29103306483788,5.67290187422991,0.7356931982532693,0.08526482026159148
33.484866908990746,5.6778456766429795,0.735954743648952,0.08477188082326785
33.67926340581169,5.682775206562527,0.7362154414633005,0.08428320198037247
33.874222555300705,5.6876905460542275,0.736475296934134,0.0837987347941955
34.06974435745781,5.692591776478875,0.7367343152517358,0.08331843102637905
34.26582881228298,5.697478978500434,0.7369925015594214,0.08284224312692946
34.46247591977624,5.702352232093952,0.7372498609540975,0.08237012422246807
34.65968567993757,5.7072116165533835,0.7375063984868132,0.08190202810471535
34.85745809276697,5.71205721049928,0.7377621191633023,0.08143790921920284
35.05579315826447,5.7168890918863955,0.7380170279445187,0.08097772265420788
35.25469087643003,5.72170733801117,0.7382711297471634,0.08052142412990637
35.454151247263674,5.7265120255191055,0.7385244294442034,0.08006896998773794
35.65417427076539,5.731303230412057,0.7387769318653844,0.07962031717997967
35.8547599469352,5.736081028055401,0.7390286417977345,0.07917542325952309
36.05590827577308,5.74084549318512,0.7392795639860616,0.07873424636985041
36.257619257279025,5.7455966999147785,0.7395297031334438,0.07829674523520493
36.45989289145306,5.7503347217424094,0.7397790639017113,0.07786287915095187
36.66272917829518,5.7550596315573035,0.7400276509119237,0.07743260797412548
36.86612811780537,5.759771501646705,0.7402754687448379,0.07700589211415783
37.07008970998363,5.764470403702415,0.740522521941372,0.07658269252378566
37.274613954829974,5.769156408827307,0.7407688150030607,0.07616297069013128
37.47970085234441,5.7738295875417505,0.7410143523925041,0.07574668862595396
37.68535040252691,5.778490009789952,0.7412591385338119,0.07533380886106772
37.89156260537748,5.7831377449462025,0.74150317781304,0.074924294433922
38.09833746089613,5.78777286182105,0.7417464745786208,0.07451810888334201
38.305674969082865,5.792395428667385,0.7419890331417888,0.07411521624042498
38.51357512993769,5.797005513186435,0.7422308577769986,0.07371558102058902
38.72203794346058,5.801603182533696,0.7424719527223382,0.07331916821577146
38.93106340965154,5.806188503324769,0.7427123221799365,0.07292594328677317
39.14065152851059,5.810761541641134,0.7429519703163644,0.07253587215574611
39.35080230003773,5.815322363035827,0.7431909012630309,0.07214892119882084
39.561515724232926,5.819871032539063,0.7434291191165739,0.07176505723887117
39.772791801096204,5.82440761466377,0.7436666279392455,0.07138424753841258
39.98463053062756,5.828932173411057,0.7439034317592913,0.07100645979263236
40.19703191282701,5.833444772275605,0.7441395345713259,0.07063166212254808
40.40999594769452,5.837945474250995,0.7443749403367016,0.07025982306829198
40.62352263523011,5.842434341834955,0.744609652983874,0.06989091158251837
40.83761197543378,5.846911437034551,0.7448436764087609,0.06952489702393186
41.05226396830554,5.851376821371302,0.7450770144750972,0.06916174915093364
41.26747861384536,5.85583055588623,0.745309671014785,0.06880143811538336
41.48325591205326,5.8602727011448446,0.7455416498282388,0.06844393445647425
41.69959586292924,5.864703317242069,0.7457729546847257,0.06808920909471919
41.9164984664733,5.8691224638070905,0.7460035893227025,0.06773723332604548
42.13396372268545,5.873530200008164,0.7462335574501464,0.06738797881599577
42.35199163156566,5.877926584557335,0.7464628627448819,0.06704141759403351
42.57058219311396,5.882311675715124,0.7466915088549047,0.06669752204795004
42.789735407330326,5.886685531295132,0.7469194993986991,0.06635626491837214
43.00945127421478,5.8910482086685985,0.7471468379655529,0.06601761929336712
43.22972979376731,5.895399764768897,0.7473735281158679,0.06568155860314415
43.450570965987914,5.899740256095977,0.7475995733814645,0.06534805661484944
43.6719747908766,5.904069738720747,0.747824977265886,0.0650170874274535
43.89394126843337,5.908388268289403,0.7480497432446948,0.06468862546672886
44.11647039865821,5.912695900027701,0.748273874765767,0.06436264548031606
44.33956218155112,5.916992688745182,0.7484973752495838,0.06403912253287619
44.56321661711212,5.921278688839337,0.7487202480895171,0.0637180320013287
44.7874337053412,5.925553954299723,0.7489424966521125,0.06339934957017203
45.01221344623835,5.929818538712026,0.7491641242773693,0.06308305122688627
45.237555839803576,5.9340724952620825,0.7493851342790151,0.06276911325741533
45.463460886036884,5.938315876739836,0.7496055299447786,0.06245751224172766
45.68992858493827,5.942548735543254,0.7498253145366577,0.062148225049453956
45.91695893650774,5.9467711236822005,0.7500444912911854,0.0618412288355999
46.14455194074528,5.950983092782251,0.7502630634196912,0.06153650103633285
46.3727075976509,5.955184694088466,0.750481034108559,0.06123401936484093
46.601425907224595,5.9593759784691205,0.7506984065194832,0.060933761807262975
46.83070686946638,5.963556996419381,0.7509151837897199,0.06063570661868812
47.060550484376236,5.9677277980649475,0.7511313690323362,0.060339832319223685
47.29095675195416,5.971888433165642,0.7513469653364557,0.06004611769012971
47.52192567220017,5.976038951118958,0.7515619757675006,0.05975454177001933
47.75345724511427,5.980179400963567,0.7517764033674316,0.05946508385112329
47.985551470696436,5.984309831382783,0.7519902511549843,0.05917772347561778
48.218208348946675,5.988430290707984,0.7522035221259027,0.05889244043201381
48.451427879864994,5.992540826921992,0.7524162192531697,0.0586092147516075
48.68521006345141,5.996641487662416,0.7526283454872353,0.05832802670498986
48.91955489970588,6.000732320224947,0.752839903756241,0.05804885679861495
49.15446238862843,6.004813371566629,0.7530508969662421,0.057771685771425156
49.38993253021906,6.008884688309074,0.7532613280014273,0.057496494591532867
49.625965324477775,6.012946316741646,0.7534711997243354,0.057223264452957126
49.862560771404574,6.0169983028246135,0.753680514976069,0.05695197677241442
50.09971887099944,6.021040692192254,0.7538892765765064,0.056682613186162446
50.337439623262384,6.025073530155931,0.7540974873245101,0.05641515554689599
50.5757230281934,6.029096861707123,0.7543051499981334,0.05614958592069384
50.81456908579251,6.033110731520439,0.7545122673548236,0.05588588658401582
51.05397779605969,6.037115183956568,0.7547188421316243,0.05562404002074904
51.29394915899495,6.0411102630652245,0.7549248770453734,0.05536402891930232
51.53448317459828,6.045096012588039,0.7551303747928997,0.05510583616974805
51.7755798428697,6.049072475961421,0.7553353380512176,0.054849444861010455
52.017239163809194,6.053039696319393,0.7555397694777183,0.054594838278099585
52.259461137416764,6.056997716496389,0.7557436717103593,0.05434199989938997
52.50224576369241,6.060946579030017,0.7559470473678522,0.05409091339394325
52.74559304263613,6.064886326163794,0.7561498990498469,0.053841562618874
52.98950297424794,6.068816999849851,0.7563522293371149,0.053593931616757816
53.233975558527824,6.0727386417516005,0.7565540407917295,0.05334800461308106
53.47901079547578,6.07665129324638,0.7567553359572448,0.05310376601373136
53.724608685091816,6.0805549954280655,0.7569561173588714,0.05286120040252811
53.97076922737594,6.084449789109645,0.7571563875036516,0.05262029253879249
54.217492422328135,6.08833571482578,0.7573561488806303,0.052381027354955936
54.464778269948404,6.09221281283532,0.7575554039610265,0.05214338995420662
54.712626770236746,6.0960811231238035,0.7577541551984006,0.051907365608173106
54.96103792319319,6.099940685405922,0.7579524050288211,0.05167293975464462
55.21001172881769,6.1037915391279585,0.7581501558710289,0.05144009799532728
55.45954818711027,6.107633723470196,0.7583474101265992,0.05120882609363541
55.70964729807093,6.111467277349308,0.7585441701801028,0.0509791099725177
55.960309061699675,6.1152922394207145,0.7587404383992639,0.05075093571231716
56.21153347799649,6.119108648080908,0.7589362171351175,0.05052428954866475
56.463320546961384,6.122916541469765,0.7591315087221642,0.05029915787040551
56.71567026859436,6.126715957472825,0.7593263154785231,0.05007552721755716
56.968582642895406,6.130506933723544,0.759520639706084,0.049853384279300264
57.22205766986455,6.134289507605521,0.7597144836906564,0.04963271589199942
57.47609534950175,6.138063716254711,0.7599078497021178,0.04941350903725522
57.73069568180703,6.141829596561599,0.7601007399945601,0.04919575083998593
57.985858666780395,6.14558718517336,0.760293156806434,0.04897942856653885
58.24158430442184,6.149336518495993,0.7604851023606922,0.04876452962283065
58.49787259473136,6.153077632696429,0.7606765788649308,0.04855104155251603
58.754723537708955,6.156810563704618,0.7608675885115291,0.04833895203518446
59.01213713335463,6.160535347215598,0.7610581334777876,0.04812824888458433
59.27011338166839,6.1642520186915295,0.7612482159260648,0.04791892004687416
59.52865228265022,6.167960613363721,0.7614378380039125,0.047710953598900326
59.787753836300126,6.171661166234624,0.761627001844209,0.04750433774650079
60.04741804261811,6.175353712079812,0.7618157095652915,0.04729906082283456
60.307644901604185,6.179038285449932,0.7620039632710869,0.04709511128673623
60.56843441325832,6.1827149206726455,0.7621917650512406,0.04689247772109538
60.82978657758054,6.1863836518545305,0.7623791169812444,0.04669114883126017
61.09170139457084,6.190044512882986,0.762566021122563,0.04649111344346498
61.35417886422921,6.193697537428098,0.7627524795227585,0.04629236050328143
61.61721898655568,6.1973427589444965,0.7629384942156148,0.04609487907409255
61.88082176155021,6.200980210673182,0.7631240672212585,0.04589865833558973
62.14498718921282,6.204609925643349,0.7633092005462809,0.045703687582291826
62.409715269543504,6.208231936674171,0.7634938961838572,0.04550995622208636
62.67500600254228,6.2118462763765825,0.7636781561138647,0.045317453774792196
62.94085938820913,6.215452977155029,0.7638619823029992,0.04512616987074352
63.207275426544044,6.219052071209216,0.7640453767048915,0.044936094249394584
63.47425411754704,6.222643590535818,0.7642283412602213,0.04474721675794496
63.74179546121813,6.226227566930189,0.7644108778968305,0.04455952734998502
64.00989945755728,6.22980403198804,0.7645929885298349,0.04437301608416119
64.27856610656451,6.233373017107111,0.7647746750617357,0.04418767312286071
64.54779540823982,6.236934553488817,0.7649559393825275,0.044003488730915495
64.81758736258321,6.240488672139882,0.7651367833698082,0.043820453274324954
65.08794196959468,6.244035403873955,0.7653172088888855,0.04363855721899729
65.35885922927423,6.247574779313208,0.7654972177928832,0.04345779112950899
65.63033914162187,6.251106828889913,0.7656768119228451,0.04327814566788232
65.90238170663757,6.2546315828480195,0.7658559931078401,0.04309961159238043
66.17498692432135,6.258149071244691,0.7660347631650648,0.04292217975631971
66.44815479467321,6.261659323951853,0.7662131238999437,0.042745841106899336
66.72188531769314,6.265162370657693,0.7663910771062312,0.04257058668404755
66.99617849338115,6.268658240868181,0.7665686245661103,0.042396407619284364
67.27103432173725,6.272146963908548,0.7667457680502912,0.042223295134600644
67.54645280276141,6.275628568924756,0.7669225093181087,0.04205124054135305
67.82243393645369,6.279103084884965,0.7670988501176181,0.04188023523917468
68.09897772281401,6.282570540580961,0.7672747921856914,0.04171027071490135
68.37608416184241,6.2860309646296,0.7674503372481106,0.041541338541512755
68.6537532535389,6.289484385474208,0.7676254870196617,0.04137343037708893
68.93198499790344,6.292930831385987,0.767800243204227,0.04120653796378124
69.21077939493608,6.2963703304653995,0.7679746074948762,0.041040653126797805
69.49013644463679,6.299802910643541,0.7681485815739569,0.040875767773403446
69.77005614700559,6.30322859968349,0.7683221671131847,0.04071187389193328
70.05053850204246,6.306647425181664,0.7684953657737308,0.040548963550820445
70.33158350974743,6.310059414569141,0.7686681792063104,0.04038702889763716
70.61319117012046,6.313464595112978,0.7688406090512693,0.040226062158149355
70.89536148316157,6.3168629939175185,0.7690126569386694,0.040066055635384235
71.17809444887074,6.320254637925681,0.7691843244883745,0.039907001708710955
71.461390067248,6.32363955392024,0.7693556133101336,0.03974889283293397
71.74524833829334,6.32701776852509,0.7695265250036647,0.0395917215373989
72.02966926200675,6.330389308206499,0.7696970611587366,0.03943548042511076
72.31465283838824,6.33375419927435,0.7698672233552513,0.03928016217186432
72.60019906743784,6.337112467883369,0.7700370131633241,0.03912575952538644
72.8863079491555,6.340464140034344,0.7702064321433637,0.038972265304490133
73.17297948354123,6.34380924157533,0.7703754818461515,0.03881967239824024
73.46021367059502,6.347147798202838,0.7705441638129195,0.03866797376513049
73.74801051031692,6.350479835463021,0.7707124795754283,0.038517162432271754
74.03637000270687,6.353805378752844,0.7708804306560435,0.03836723149459146
74.32529214776491,6.357124453321239,0.771048018567812,0.03821817411404371
74.61477694549103,6.360437084270256,0.7712152448145365,0.03806998351883026
74.90482439588523,6.3637432965561995,0.7713821108908511,0.03792265300263195
75.19543449894752,6.367043114990752,0.7715486182822937,0.03777617592385057
75.48660725467788,6.370336564242088,0.7717147684653802,0.03763054570486089
75.7783426630763,6.373623668835981,0.771880562907676,0.037485755831272845
76.0706407241428,6.376904453156895,0.7720460030678677,0.03734179985120346
76.3635014378774,6.380178941449069,0.7722110903958341,0.03719867137455871
76.65692480428005,6.383447157817586,0.7723758263327158,0.03705636407232496
76.9509108233508,6.386709126229438,0.7725402123109855,0.03691487167586969
77.24545949508962,6.389964870514578,0.7727042497545159,0.0367741879762518
77.54057081949655,6.3932144143669625,0.7728679400786485,0.03663430682354087
77.83624479657152,6.396457781345581,0.7730312846902602,0.03649522212614563
78.13248142631457,6.399694994875484,0.7731942849878308,0.03635692785015114
78.4292807087257,6.402926078248789,0.7733569423615089,0.03621941801866489
78.72664264380491,6.406151054625689,0.7735192581931768,0.03608268671117153
79.0245672315522,6.409369947035445,0.773681233856516,0.03594672806289594
79.32305447196757,6.41258277837737,0.7738428707170713,0.03581153626417493
79.622104365051,6.415789571421804,0.7740041701323136,0.035677105559836914
79.92171691080253,6.418990348811083,0.7741651334517041,0.03554343024858993
80.22189210922215,6.422185133060492,0.7743257620167554,0.035410504682417535
80.52262996030983,6.425373946559214,0.7744860571610941,0.03527832326598268
80.82393046406558,6.428556811571273,0.7746460202105214,0.03514688045603922
81.12579362048942,6.431733750236459,0.774805652483074,0.03501617076085123
81.42821942958133,6.43490478457126,0.7749649552890838,0.03488618873961974
81.73120789134131,6.43806993646976,0.7751239299312376,0.03475692900191698
82.03475900576939,6.44122922770456,0.7752825777046355,0.03462838620712786
82.33887277286553,6.4443826799276644,0.7754408998968495,0.03450055506389876
82.64354919262978,6.447530314671372,0.7755988977879811,0.03437343032959331
82.94878826506208,6.45067215334916,0.7757565726507187,0.03424700680975528
83.25458999016246,6.45380821725655,0.7759139257503938,0.03412127935757828
83.56095436793092,6.456938527571977,0.7760709583450368,0.03399624287338228
83.86788139836744,6.460063105357646,0.776227671685434,0.03387189230409689
84.17537108147206,6.463181971560375,0.7763840670151811,0.03374822264275109
84.48342341724475,6.466295147012444,0.7765401455707379,0.03362522892796965
84.79203840568552,6.469402652432419,0.7766959085814834,0.03350290624347578
85.10121604679436,6.472504508425987,0.776851357269768,0.03338124971760025
85.41095634057132,6.475600735486767,0.7770064928509671,0.03326025452279659
85.72125928701632,6.478691353997124,0.7771613165335338,0.033139915875162546
86.0321248861294,6.48177638422897,0.7773158295190504,0.03302022903396751
86.34355313791056,6.4848558463445665,0.7774700330022801,0.032901189301185886
86.6555440423598,6.487929760397305,0.7776239281712183,0.03278279202103644
86.9680975994771,6.490998146332495,0.7777775162071426,0.0326650325795273
87.2812138092625,6.494061023988135,0.7779307982846635,0.032547906404006746
87.59489267171597,6.497118413095684,0.7780837755717739,0.03243140896271962
87.90913418683755,6.500170333280821,0.7782364492298977,0.03231553576436921
88.22393835462718,6.5032168040642,0.7783888204139393,0.032200282357684754
88.53930517508488,6.506257844862198,0.7785408902723316,0.032085644330994076
88.85523464821065,6.50929347498765,0.7786926599470836,0.03197161731180179
89.17172677400453,6.512323713650595,0.7788441305738278,0.03185819696637258
89.48878155246646,6.515348579958996,0.7789953032818677,0.031745378999319715
89.80639898359648,6.518368092919461,0.7791461791942238,0.031633159153198614
90.12457906739456,6.521382271437963,0.7792967594276797,0.03152153320810542
90.44332180386074,6.524391134320545,0.7794470450928281,0.03141049698128056
90.76262719299503,6.5273947002740265,0.7795970372941159,0.03130004632671713
91.08249523479735,6.530392987906692,0.7797467371298891,0.03119017713477417
91.40292592926775,6.533386015728993,0.779896145692437,0.031080885331794553
91.72391927640624,6.536373802154223,0.7800452640680368,0.030972166879727637
92.0454752762128,6.5393563654992,0.7801940933369966,0.03086401777575655
92.36759392868744,6.542333723984939,0.7803426345736992,0.0307564340519299
92.69027523383015,6.545305895737313,0.7804908888466446,0.030649411774798126
93.01351919164095,6.548272898787727,0.780638857218493,0.03054294704505409
93.33732580211986,6.551234751073758,0.780786540746106,0.030437035997178185
93.66169506526681,6.5541914704398145,0.7809339404805893,0.03033167479908768
93.98662698108184,6.557143074637775,0.7810810574673335,0.030226859651790235
94.31212154956495,6.560089581327633,0.7812278927460552,0.030122586789041703
94.63817877071612,6.563031008078117,0.7813744473508377,0.030018852477008
94.96479864453539,6.565967372367337,0.7815207223101711,0.029915653013931048
95.29198117102273,6.568898691583385,0.7816667186469923,0.029812984729798722
95.61972635017815,6.57182498302497,0.7818124373787251,0.029710843986018764
95.94803418200165,6.574746263902018,0.781957879517318,0.029609227175096595
96.27690466649327,6.5776625513362825,0.7821030460692846,0.029508130720316945
96.6063378036529,6.580573862361946,0.7822479380357411,0.029407551075429368
96.93633359348064,6.583480213926213,0.782392556412445,0.029307484724337345
97.26689203597645,6.586381622889906,0.7825369021898326,0.029207928180791234
97.59801313114033,6.589278106028044,0.782680976353057,0.029108877988084796
97.92969687897231,6.592169680030431,0.7828247798820245,0.029010330718755275
98.26194327947235,6.595056361502227,0.7829683137514324,0.028912282974287117
98.59475233264047,6.59793816696452,0.7831115789308044,0.028814731384819107
98.92812403847667,6.600815112854893,0.7832545763845282,0.02871767260885497
99.26205839698098,6.603687215527988,0.7833973070718904,0.028621103332977415
99.59655540815334,6.606554491256058,0.7835397719471118,0.028525020271565515
99.93161507199376,6.609416956229523,0.7836819719593843,0.02842942016651535
100.26723738850228,6.612274626557511,0.7838239080529039,0.028334299786964008
100.60342235767887,6.615127518268415,0.783965581166907,0.028239655929016744
100.94016997952353,6.617975647310416,0.7841069922357033,0.02814548541547735
101.27748025403628,6.620819029552028,0.7842481421887116,0.028051785095581646
101.6153531812171,6.623657680782619,0.7843890319504919,0.027958551844734114
101.95378876106604,6.6264916167129435,0.7845296624407802,0.027865782564247498
102.29278699358301,6.629320852975658,0.7846700345745207,0.027773474181085563
102.63234787876807,6.632145405125842,0.7848101492618993,0.027681623647608636
102.9724714166212,6.634965288641507,0.7849500074083765,0.027590227941322282
103.31315760714241,6.637780518924106,0.7850896099147193,0.027499284064628753
103.6544064503317,6.640591111299036,0.7852289576770332,0.02740878904458133
103.99621794618908,6.643397081016138,0.7853680515867943,0.027318739932641514
104.33859209471451,6.6461984432501975,0.7855068925308808,0.02722913380443896
104.68152889590804,6.648995213101428,0.7856454813916047,0.027139967759534173
105.02502834976968,6.651787405595962,0.7857838190467418,0.02705123892118396
105.36909045629936,6.65457503568634,0.7859219063695635,0.02696294443610951
105.71371521549712,6.6573581182519765,0.7860597442288665,0.02687508147426711
106.05890262736295,6.660136668099655,0.786197333489004,0.026787647228621515
106.40465269189687,6.662910699963981,0.7863346750099145,0.02670063891492187
106.75096540909887,6.6656802285078625,0.7864717696471526,0.02661405377148016
107.09784077896893,6.66844526832297,0.7866086182519179,0.026527889058952196
107.44527880150707,6.671205833930194,0.7867452216710842,0.026442142060121063
107.79327947671334,6.673961939780112,0.7868815807472291,0.02635681007968298
108.14184280458764,6.676713600253425,0.7870176963186624,0.02627189044403569
108.49096878513002,6.679460829661427,0.787153569219454,0.026187380501069033
108.84065741834048,6.682203642246431,0.7872892002794634,0.026103277619958076
109.19090870421903,6.684942052182226,0.7874245903243667,0.02601957919095842
109.54172264276563,6.6876760735745115,0.7875597401756852,0.025936282625203887
109.89309923398034,6.690405720461331,0.7876946506508125,0.0258533853545064
110.2450384778631,6.693131006813501,0.7878293225630418,0.025770884831158154
110.59754037441395,6.695851946535049,0.7879637567215938,0.025688778527735965
110.95060492363292,6.698568553463629,0.7880979539316425,0.02560706393690777
111.30423212551993,6.701280841370945,0.7882319149943426,0.02552573857124136
111.658421980075,6.703988823963174,0.7883656407068561,0.025444799963015123
112.01317448729817,6.7066925148813805,0.788499131862378,0.02536424566403096
112.3684896471894,6.709391927701918,0.7886323892501629,0.025284073245429254
112.72436745974873,6.712087075936847,0.7887654136555502,0.025204280297505866
113.08080792497613,6.714777973034345,0.7888982058599905,0.025124864429531175
113.4378110428716,6.717464632379092,0.7890307666410703,0.02504582326957105
113.79537681343518,6.720147067292686,0.789163096772538,0.024967154464309887
114.15350523666682,6.722825291034026,0.7892951970243278,0.024888855678875485
114.51219631256653,6.725499316799714,0.7894270681625856,0.024810924596665913
114.87145004113431,6.728169157724438,0.7895587109496928,0.024733358919178224
115.23126642237017,6.730834826881367,0.7896901261442913,0.024656156365839055
115.59164545627411,6.733496337282523,0.7898213145013075,0.024579314673837106
115.95258714284613,6.736153701879168,0.789952276771976,0.024502831597957384
116.31409148208623,6.7388069335621825,0.790083013703864,0.02442670491041729
116.6761584739944,6.7414560451624395,0.790213526040894,0.024350932400704465
117.0387881185707,6.744101049451174,0.7903438145233688,0.024275511875416395
117.40198041581503,6.746741959140351,0.7904738798879929,0.024200441158101795
117.76573536572744,6.749378786883039,0.7906037228678973,0.024125718089103597
118.13005296830792,6.752011545273765,0.7907333441926606,0.024051340525403756
118.49493322355649,6.754640246848876,0.7908627445883338,0.023977306340469656
118.86037613147313,6.757264904086898,0.7909919247774606,0.02390361342410216
119.22638169205786,6.759885529408899,0.7911208854791019,0.023830259682285353
119.59294990531065,6.762502135178826,0.7912496274088558,0.023757243037037842
119.96008077123157,6.765114733703862,0.7913781512788817,0.02368456142626562
120.32777428982052,6.767723337234779,0.7915064577979204,0.023612212803616642
120.69603046107756,6.770327957966269,0.7916345476713169,0.023540195138336738
121.06484928500267,6.772928608037297,0.7917624216010413,0.023468506415127252
121.43423076159586,6.775525299531436,0.7918900802857101,0.02339714463400409
121.80417489085713,6.778118044477201,0.7920175244206079,0.02332610781015832
122.17468167278646,6.780706854848383,0.7921447546977075,0.0232553939738182
122.5457511073839,6.783291742564386,0.7922717718056915,0.02318500117011269
122.91738319464939,6.785872719490549,0.7923985764299727,0.02311492745893645
123.28957793458301,6.78844979743848,0.7925251692527142,0.023045170914816157
123.66233532718466,6.791022988166366,0.7926515509528503,0.022975729626778366
124.0356553724544,6.793592303379316,0.7927777222061064,0.02290660169821864
124.40953807039222,6.796157754729655,0.7929036836850192,0.022837785246772123
124.7839834209981,6.798719353817263,0.7930294360589559,0.02276927840418547
125.15899142427207,6.801277112189874,0.793154979994135,0.02270107931619007
125.53456208021412,6.803831041343396,0.7932803161536449,0.02263318614237668
125.91069538882425,6.806381152722217,0.793405445197464,0.022565597056071265
126.28739135010248,6.808927457719511,0.7935303677824794,0.022498310244212217
126.66464996404876,6.811469967677552,0.7936550845625062,0.02243132390722883
127.04247123066312,6.8140086938880025,0.7937795961883066,0.022364636258920993
127.42085514994557,6.816543647592225,0.7939039033076088,0.022298245526340202
127.79980172189607,6.819074839981579,0.7940280065651252,0.022232149949671768
128.17931094651468,6.821602282197711,0.7941519066025713,0.022166347782118227
128.55938282380134,6.8241259853328495,0.794275604058684,0.022100837289784025
128.94001735375608,6.826645960430108,0.79439909956924,0.0220356167515613
129.3212145363789,6.829162218483762,0.7945223937670737,0.02197068445901691
129.70297437166985,6.831674770439535,0.794645487282095,0.021906038716280593
130.08529685962884,6.834183627194896,0.794768380741308,0.021841677839934313
130.4681820002559,6.836688799599336,0.7948910747688274,0.021777600158902677
130.85162979355104,6.83919029845464,0.7950135699858968,0.021713804014344525
131.23564023951425,6.841688134515185,0.7951358670109064,0.021650287759545625
131.62021333814556,6.844182318488205,0.7952579664594102,0.021587049759812443
132.00534908944493,6.846672861034064,0.795379868944142,0.021524088392367014
132.39104749341237,6.849159772766535,0.7955015750750345,0.021461402046242896
132.77730855004793,6.851643064253075,0.7956230854592344,0.021398989122182126
133.16413225935153,6.8541227460150775,0.7957444007011202,0.02133684803253331
133.55151862132323,6.856598828528159,0.7958655214023181,0.021274977201150663
133.93946763596298,6.859071322222411,0.7959864481617199,0.021213375063294126
134.32797930327084,6.861540237482671,0.7961071815754979,0.021152040065530463
134.71705362324676,6.864005584648779,0.7962277222371215,0.021090970665635388
135.10669059589074,6.866467374015836,0.7963480707373745,0.021030165332496645
135.49689022120282,6.86892561583447,0.7964682276643695,0.020969622546018075
135.88765249918296,6.871380320311083,0.7965881936035654,0.020909340797024667
136.27897742983123,6.873831497608106,0.7967079691377821,0.02084931858716853
136.67086501314756,6.876279157844259,0.7968275548472166,0.020789554428835854
137.06331524913193,6.878723311094787,0.7969469513094584,0.02073004684505475
137.4563281377844,6.881163967391726,0.7970661590995055,0.02067079436940402
137.84990367910495,6.883601136724135,0.7971851787897792,0.02061179554592289
138.24404187309355,6.886034829038346,0.7973040109501396,0.020553048929021593
138.63874271975027,6.888465054238214,0.7974226561479004,0.02049455308339283
139.03400621907502,6.890891822185345,0.7975411149478443,0.020436306583924195
139.42983237106787,6.893315142699349,0.797659387912238,0.02037830801561134
139.82622117572888,6.89573502555807,0.7977774756008464,0.02032055597347211
140.22317263305789,6.898151480497823,0.7978953785709479,0.02026304906246152
140.62068674305496,6.900564517213636,0.7980130973773488,0.020205785897387474
141.01876350572013,6.90297414535947,0.7981306325723974,0.020148765102827426
141.41740292105337,6.905380374548465,0.7982479847059989,0.020091985313045825
141.8166049890547,6.907783214353162,0.7983651543256296,0.02003544517191235
142.2163697097241,6.910182674305727,0.7984821419763507,0.01997914333282098
142.61669708306155,6.912578763898189,0.7985989482008229,0.019923078458609845
143.01758710906716,6.914971492582653,0.7987155735393193,0.01986724922148184
143.4190397877408,6.917360869771536,0.7988320185297411,0.019811654302926092
143.8210551190825,6.919746904837776,0.7989482837076294,0.019756292393640098
144.2236331030923,6.922129607115061,0.79906436960618,0.01970116219345267
144.62677373977016,6.924508985898046,0.7991802767562568,0.019646262411247655
145.0304770291161,6.926885050442567,0.799296005686405,0.019591591764888342
145.43474297113013,6.929257809965865,0.7994115569228649,0.01953714898114266
145.83957156581224,6.931627273646787,0.7995269309895844,0.019482932795609063
146.2449628131624,6.933993450626011,0.799642128408233,0.019428941952643133
146.65091671318072,6.936356350006253,0.7997571496982147,0.019375175205284912
147.05743326586705,6.938715980852475,0.7998719953766804,0.01932163131518698
147.46451247122147,6.941072352192095,0.7999866659585416,0.01926830905254309
147.87215432924395,6.9434254730151945,0.8001011619564828,0.019215207196017645
148.2803588399345,6.945775352274725,0.8002154838809743,0.019162324532675776
148.68912600329318,6.948121998886709,0.8003296322402845,0.01910965985791407
149.0984558193199,6.950465421730443,0.8004436075404929,0.019057211975392063
149.5083482880147,6.952805629648706,0.8005574102855028,0.019004979696964255
149.91880340937763,6.955142631447945,0.8006710409770522,0.018952961842612887
150.32982118340857,6.957476435898488,0.8007845001147282,0.018901157240381324
150.74140161010763,6.959807051734739,0.8008977881959777,0.018849564726308034
151.15354468947473,6.962134487655362,0.8010109057161195,0.01879818314436127
151.56625042150992,6.964458752323489,0.8011238531683572,0.0187470113463743
151.9795188062132,6.966779854366912,0.8012366310437906,0.018696048191981323
152.39334984358453,6.969097802378263,0.8013492398314273,0.018645292548553946
152.80774353362398,6.971412604915219,0.8014616800181948,0.01859474329113826
153.22269987633146,6.973724270500682,0.8015739520889524,0.018544399302392562
153.6382188717071,6.976032807622975,0.8016860565265025,0.0184942594725256
154.05430051975077,6.978338224736017,0.8017979938116018,0.01844432269923547
154.4709448204625,6.980640530259523,0.8019097644229735,0.018394587887649024
154.8881517738423,6.982939732579177,0.8020213688373178,0.018345053950261883
155.3059213798902,6.985235840046819,0.8021328075293241,0.018295719806879024
155.72425363860617,6.987528860980628,0.8022440809716817,0.0182465843845559
156.14314854999023,6.989818803665304,0.8023551896350907,0.018197646617540125
156.56260611404235,6.99210567635224,0.8024661339882734,0.01814890544721372
156.9826263307626,6.994389487259709,0.8025769144979852,0.018100359822035846
157.4032092001509,6.996670244573031,0.8026875316290256,0.018052008697486157
157.82435472220726,6.998947956444765,0.8027979858442489,0.018003851036008607
158.2460628969317,7.001222630994865,0.8029082776045746,0.017955885806955795
158.6683337243242,7.003494276310868,0.8030184073689991,0.01790811198653388
159.09116720438482,7.005762900448054,0.803128375594605,0.01786052855774793
159.5145633371135,7.00802851142963,0.8032381827365727,0.017813134510347852
159.93852212251025,7.01029111724689,0.8033478292481901,0.017765928840774756
160.36304356057508,7.0125507258593895,0.8034573155808636,0.017718910552107874
160.78812765130803,7.014807345195108,0.8035666421841279,0.017672078654011936
161.21377439470902,7.017060983150626,0.8036758095056564,0.017625432162685035
161.63998379077807,7.019311647591276,0.8037848179912718,0.01757897010080699
162.06675583951522,7.02155934635132,0.8038936680849555,0.017532691497488154
162.49409054092044,7.023804087234106,0.8040023602288584,0.01748659538821873
162.92198789499375,7.026045878012233,0.8041108948633097,0.01744068081481852
163.35044790173512,7.028284726427711,0.8042192724268284,0.01739494682538716
163.77947056114456,7.03052064019212,0.8043274933561317,0.017349392474254797
164.20905587322216,7.032753626986775,0.804435558086146,0.017304016821933207
164.63920383796776,7.034983694462875,0.8045434670500149,0.017258818935067415
165.06991445538145,7.037210850241672,0.8046512206791111,0.017213797886387647
165.5011877254632,7.039435101914609,0.804758819403044,0.017168952754661845
165.93302364821304,7.0416564570435005,0.8048662636496703,0.01712428262464854
166.36542222363096,7.043874923160661,0.8049735538451029,0.017079786587050144
166.79838345171697,7.046090507769077,0.8050806904137209,0.01703546373846674
167.23190733247105,7.04830321834255,0.8051876737781781,0.016991313181350203
167.6659938658932,7.050513062325844,0.8052945043594131,0.016947334023958798
168.1006430519835,7.052720047134851,0.8054011825766576,0.01690352538031215
168.5358548907418,7.054924180156717,0.8055077088474464,0.016859886370146657
168.97162938216817,7.057125468750017,0.8056140835876261,0.016816416118871285
169.40796652626264,7.059323920244877,0.8057203072113638,0.016773113757523734
169.8448663230252,7.0615195419431425,0.8058263801311568,0.01672997842272705
170.28232877245583,7.063712341118503,0.8059323027578406,0.01668700925664662
170.72035387455452,7.065902325016654,0.8060380755005985,0.0166442054069475
171.1589416293213,7.068089500855431,0.8061436987669698,0.016601566026752175
171.5980920367562,7.070273875824953,0.8062491729628593,0.016559090274598696
172.03780509685913,7.072455457087768,0.8063544984925448,0.016516777314399177
172.47808080963014,7.074634251778985,0.8064596757586867,0.016474626315398647
172.91891917506925,7.0768102670064295,0.8065647051623364,0.0164326364521343
173.36032019317642,7.078983509850768,0.806669587102944,0.016390806904395094
173.80228386395166,7.081153987365649,0.806774321978368,0.01634913685718171
174.244810187395,7.083321706577845,0.8068789101848823,0.01630762550066687
174.6878991635064,7.08548667448739,0.8069833521171863,0.016266272030155984
175.13155079228588,7.087648898067701,0.8070876481684109,0.01622507564604819
175.5757650737335,7.089808384265735,0.8071917987301288,0.016184035553797705
176.02054200784912,7.091965140002102,0.8072958041923614,0.01614315096387553
176.46588159463283,7.094119172171212,0.8073996649435871,0.016102421091731475
176.91178383408462,7.096270487641396,0.8075033813707503,0.01606184515775655
177.3582487262045,7.0984190932550515,0.8076069538592681,0.016021422387245667
177.80527627099244,7.100564995828754,0.8077103827930389,0.015981152010360662
178.25286646844847,7.1027082021534085,0.8078136685544502,0.015941033262093673
178.70101931857258,7.1048487189943526,0.8079168115243868,0.01590106538223081
179.1497348213648,7.106986553091516,0.808019812082238,0.015861247615316137
179.59901297682507,7.109121711159514,0.8081226706059058,0.015821579210616023
180.0488537849534,7.111254199887805,0.8082253874718122,0.01578205942208373
180.49925724574982,7.11338402594079,0.8083279630549073,0.015742687508324364
180.9502233592143,7.115511195957955,0.8084303977286764,0.015703462732560108
181.4017521253469,7.11763571655399,0.8085326918651486,0.01566438436259577
181.85384354414754,7.119757594318905,0.8086348458349025,0.015625451670784624
182.30649761561628,7.121876835818167,0.8087368600070757,0.015586663933994539
182.7597143397531,7.123993447592808,0.8088387347493705,0.015548020433574422
183.21349371655802,7.126107436159554,0.8089404704280624,0.015509520455320936
183.66783574603096,7.128218808010942,0.8090420674080068,0.015471163289445516
184.12274042817202,7.130327569615441,0.8091435260526465,0.015432948230541645
184.57820776298112,7.132433727417573,0.8092448467240191,0.01539487457755246
185.03423775045832,7.134537287838024,0.8093460297827636,0.015356941633738592
185.4908303906036,7.1366382572737646,0.8094470755881282,0.0153191487066463
185.94798568341696,7.138736642098175,0.809547984497977,0.015281495108075891
186.40570362889838,7.140832448661147,0.8096487568687971,0.015243980154050388
186.86398422704795,7.142925683289211,0.8097493930557058,0.015206603164784475
187.32282747786553,7.145016352285637,0.8098498934124572,0.01516936346465374
187.7822333813512,7.1471044619305655,0.809950258291449,0.015132260382164113
188.24220193750494,7.149190018481107,0.8100504880437304,0.01509529324992163
188.70273314632675,7.151273028171462,0.8101505830190077,0.015058461404602421
189.16382700781665,7.153353497213025,0.8102505435656513,0.015021764186922965
189.62548352197464,7.155431431794506,0.8103503700307035,0.014985200941610603
190.08770268880068,7.157506838082031,0.8104500627598835,0.014948771017374279
190.55048450829483,7.15957972221926,0.8105496220975958,0.014912473766875555
191.01382898045708,7.16165009032749,0.8106490483869352,0.014876308546699872
191.47773610528736,7.163717948505763,0.8107483419696946,0.014840274717328027
191.94220588278574,7.165783302830977,0.8108475031863707,0.01480437164310792
192.4072383129522,7.167846159357994,0.8109465323761713,0.014768598692226527
192.8728333957867,7.169906524119745,0.8110454298770208,0.014732955236682112
193.3389911312893,7.171964403127334,0.8111441960255676,0.014697440652256666
193.80571151945998,7.1740198023701405,0.8112428311571896,0.0146620543184886
194.27299456029874,7.176072727815932,0.8113413356060011,0.01462679561864565
194.74084025380563,7.178123185410969,0.8114397097048587,0.01459166393969799
195.20924859998053,7.18017118108009,0.8115379537853679,0.014556658672291639
195.67821959882352,7.1822167207268395,0.811636068177889,0.014521779210721992
196.14775325033457,7.184259810233549,0.8117340532115438,0.014487024952907674
196.61784955451373,7.186300455461452,0.8118319092142209,0.014452395300364526
197.08850851136097,7.188338662250775,0.8119296365125823,0.014417889658179875
197.55973012087625,7.190374436420852,0.8120272354320699,0.01438350743498698
198.03151438305963,7.1924077837702045,0.8121247062969107,0.014349248042939695
198.5038612979111,7.194438710076656,0.812222049430123,0.014315110897687368
198.9767708654307,7.196467221097423,0.8123192651535227,0.0142810954183499
199.4502430856183,7.198493322569215,0.8124163537877289,0.014247201027493089
199.924277958474,7.200517020208333,0.81251331565217,0.014213427151104073
200.39887548399776,7.202538319710765,0.8126101510650894,0.014179773218567084
200.8740356621896,7.20455722675228,0.8127068603435512,0.014146238662639319
201.34975849304953,7.206573746988525,0.812803443803446,0.014112822919427066
201.82604397657752,7.208587886055125,0.8128999017594971,0.014079525428361996
202.3028921127736,7.2105996495677696,0.8129962345252656,0.01404634563217766
202.78030290163778,7.212609043122308,0.8130924424131563,0.014013282976886175
203.25827634317005,7.2146160722948505,0.8131885257344234,0.013980336911755124
203.7368124373704,7.216620742641849,0.8132844847991757,0.01394750688928461
204.21591118423876,7.218623059700198,0.813380319916383,0.013914792365184524
204.69557258377523,7.220623028987326,0.813476031393881,0.013882192798351983
205.1757966359798,7.222620656001282,0.8135716195383766,0.013849707650848975
205.65658334085242,7.224615946220828,0.8136670846554541,0.013817336387880168
206.13793269839312,7.226608905105529,0.8137624270495798,0.0137850784777709
206.6198447086019,7.228599538095848,0.8138576470241082,0.01375293339194536
207.1023193714788,7.230587850613224,0.8139527448812868,0.013720900604904933
207.58535668702376,7.23257384806017,0.8140477209222615,0.013688979594206752
208.06895665523678,7.2345575358203575,0.8141425754470821,0.013657169840442369
208.55311927611788,7.236538919258705,0.814237308754708,0.013625470827216653
209.03784454966706,7.23851800372146,0.8143319211430119,0.013593882041126827
209.5231324758843,7.2404947945362945,0.8144264129087868,0.013562402971741706
210.00898305476963,7.242469297012384,0.8145207843477503,0.013531033111581048
210.49539628632303,7.244441516440496,0.8146150357545499,0.013499771956095143
210.98237217054452,7.246411458093072,0.8147091674227674,0.0134686190036445
211.46991070743414,7.248379127224316,0.8148031796449258,0.013437573755479753
211.95801189699176,7.2503445290702775,0.8148970727124923,0.013406635715721694
212.44667573921748,7.252307668848931,0.8149908469158847,0.013375804391341464
212.9359022341113,7.254268551760263,0.8150845025444757,0.013345079292140944
213.42569138167318,7.256227182986359,0.8151780398865981,0.013314459930733246
213.91604318190312,7.258183567691475,0.81527145922955,0.013283945822523418
214.40695763480116,7.2601377110221215,0.8153647608595994,0.013253536485689242
214.89843474036726,7.262089618107157,0.8154579450619887,0.013223231441162255
215.3904744986015,7.264039294057854,0.8155510121209403,0.013193030212608859
215.88307690950376,7.265986743967981,0.815643962319661,0.013162932326411624
216.37624197307412,7.267931972913893,0.8157367959403472,0.013132937311650713
216.86996968931254,7.2698749859546,0.815829513264189,0.01310304470008548
217.36426005821903,7.2718157881318515,0.8159221145713752,0.013073254026136188
217.85911307979362,7.273754384470209,0.8160146001410984,0.013043564826865887
218.35452875403627,7.2756907799771335,0.8161069702515595,0.013013976641962443
218.85050708094698,7.277624979643053,0.8161992251799716,0.012984489013720697
219.3470480605258,7.279556988441446,0.8162913652025658,0.01295510148702475
219.84415169277275,7.2814868113289215,0.8163833905945951,0.01292581360933044
220.3418179776877,7.283414453245277,0.8164753016303392,0.012896624930647912
220.84004691527076,7.285339919113603,0.8165670985831089,0.01286753500352431
221.33883850552186,7.2872632138403315,0.8166587817252505,0.012838543383026682
221.8381927484411,7.289184342315327,0.8167503513281513,0.012809649626724923
222.33810964402835,7.2911033094119535,0.8168418076622421,0.012780853294674942
222.8385891922837,7.293020119987158,0.8169331509970037,0.012752153949401886
223.33963139320716,7.294934778881528,0.81702438160097,0.012723551155883549
223.8412362467987,7.296847290919384,0.8171154997417328,0.01269504448153388
224.3434037530583,7.298757660908833,0.8172065056859468,0.012666633496186647
224.84613391198596,7.300665893641859,0.8172973996993323,0.012638317772079192
225.34942672358173,7.302571993894383,0.8173881820466814,0.012610096883836344
225.85328218784554,7.304475966426339,0.817478852991861,0.012581970408454454
226.35770030477744,7.306377815981746,0.8175694127978176,0.012553937925285533
226.86268107437743,7.308277547288775,0.8176598617265814,0.01252599901602154
227.36822449664547,7.310175165059824,0.8177502000392707,0.012498153264678786
227.87433057158162,7.312070673991586,0.8178404279960958,0.012470400257582422
228.38099929918587,7.31396407876512,0.8179305458563634,0.012442739583351124
228.8882306794582,7.315855384045915,0.8180205538784805,0.012415170832881822
229.39602471239854,7.317744594483967,0.8181104523199592,0.012387693599334585
229.904381398007,7.319631714713843,0.8182002414374195,0.012360307478117614
230.41330073628353,7.32151674935475,0.8182899214865947,0.012333012066872354
230.9227827272281,7.323399703010601,0.8183794927223348,0.012305806965458722
231.4328273708408,7.325280580270084,0.8184689553986108,0.01227869177594043
231.94343466712158,7.327159385706732,0.8185583097685181,0.012251666102570459
232.45460461607047,7.329036123878983,0.8186475560842812,0.012224729551776605
232.96633721768737,7.330910799330253,0.8187366945972577,0.012197881732147173
233.47863247197236,7.332783416588996,0.8188257255579416,0.012171122254416737
233.99149037892545,7.334653980168777,0.8189146492159677,0.012144450731452053
234.5049109385466,7.336522494568328,0.819003465820115,0.012117866778238045
235.01889415083582,7.338388964271621,0.8190921756183113,0.01209137001186393
235.53344001579313,7.340253393747927,0.8191807788576364,0.01206496005150942
236.0485485334185,7.342115787451885,0.8192692757843267,0.012038636518431053
236.56421970371196,7.343976149823557,0.8193576666437778,0.012012399035948605
237.08045352667355,7.345834485288509,0.8194459516805498,0.011986247229431625
237.59725000230318,7.34769079825785,0.8195341311383694,0.011960180726286069
238.11460913060088,7.349545093128317,0.8196222052601349,0.011934199155941023
238.63253091156665,7.351397374282322,0.8197101742879199,0.011908302149835546
239.1510153452005,7.353247646088026,0.819798038462976,0.011882489341405586
239.67006243150243,7.355095912899386,0.8198857980257376,0.011856760366071034
240.18967217047245,7.356942179056237,0.8199734532158248,0.011831114861222833
240.70984456211053,7.358786448884327,0.8200610042720473,0.011805552466210218
241.23057960641674,7.360628726695408,0.8201484514324082,0.011780072822328035
241.75187730339098,7.362469016787267,0.8202357949341075,0.011754675572804163
242.2737376530333,7.364307323443807,0.8203230350135452,0.011729360362787019
242.7961606553437,7.366143650935097,0.8204101719063258,0.011704126839333176
243.31914631032217,7.367978003517436,0.820497205847261,0.011678974651395063
243.84269461796873,7.369810385433409,0.8205841370703736,0.011653903449808751
244.36680557828336,7.371640800911945,0.820670965808901,0.011628912887281843
244.89147919126606,7.37346925416838,0.8207576922952987,0.011604002618381456
245.41671545691685,7.375295749404512,0.8208443167612434,0.011579172299522267
245.9425143752358,7.37712029080866,0.820930839437637,0.011554421588954693
246.4688759462227,7.378942882555717,0.8210172605546099,0.011529750146753125
246.99580016987775,7.380763528807218,0.8211035803415236,0.011505157634804246
247.52328704620083,7.382582233711386,0.821189799026976,0.011480643716795469
248.051336575192,7.384399001403197,0.8212759168388021,0.011456208058203434
248.57994875685128,7.386213836004424,0.8213619340040793,0.011431850326282586
249.10912359117862,7.388026741623713,0.821447850749131,0.01140757019005388
249.63886107817402,7.389837722356616,0.8215336672995281,0.011383367320293505
250.16916121783757,7.391646782285668,0.8216193838800935,0.01135924138952175
250.70002401016913,7.393453925480422,0.8217050007149056,0.011335192071991922
251.2314494551688,7.395259155997523,0.8217905180273011,0.01131121904367935
251.7634375528365,7.397062477880748,0.821875936039878,0.011287321982270476
252.2959883031723,7.398863895161067,0.8219612549744992,0.011263500567152026
252.82910170617617,7.400663411856693,0.822046475052296,0.01123975447940025
253.36277776184812,7.402461031973145,0.8221315964936705,0.011216083401770265
253.89701647018816,7.404256759503288,0.8222166195182994,0.011192487018685445
254.43181783119627,7.4060505984274,0.8223015443451368,0.011168965016226919
254.96718184487253,7.407842552713209,0.8223863711924175,0.011145517082123118
255.5031085112168,7.409632626315965,0.8224711002776609,0.011122142905739433
256.0395978302291,7.411420823178473,0.8225557318176722,0.011098842178067912
256.5766498019095,7.413207147231159,0.8226402660285471,0.011075614591717053
257.11426442625805,7.414991602392115,0.8227247031256744,0.011052459840901672
257.6524417032747,7.416774192567157,0.8228090433237392,0.011029377621432841
258.1911816329593,7.4185549216498625,0.8228932868367254,0.011006367630707907
258.7304842153121,7.420333793521638,0.8229774338779194,0.010983429567700546
259.27034945033284,7.422110812051759,0.8230614846599125,0.010960563132950967
259.8107773380218,7.423885981097429,0.8231454393946048,0.010937768028556095
260.3517678783787,7.425659304503817,0.8232292982932071,0.010915043958159908
260.8933210714038,7.427430786104119,0.8233130615662443,0.010892390626943771
261.4354369170969,7.429200429719602,0.8233967294235585,0.010869807741616912
261.97811541545815,7.43096823915966,0.823480302074312,0.0108472950104069
262.5213565664875,7.43273421822185,0.8235637797269896,0.01082485214305024
263.0651603701848,7.434498370691958,0.8236471625894023,0.010802478850783023
263.6095268265503,7.43626070034403,0.8237304508686897,0.010780174846331618
264.15445593558377,7.438021210940438,0.8238136447713227,0.010757939843903476
264.6999476972854,7.439779906231912,0.823896744503107,0.010735773559177956
265.246002111655,7.4415367899576,0.8239797502691852,0.010713675709297266
265.79261917869286,7.443291865845109,0.8240626622740402,0.010691646012857398
266.3397988983987,7.445045137610555,0.8241454807214978,0.010669684189899224
266.88754127077254,7.446796608958607,0.8242282058147291,0.010647789961899565
267.4358462958146,7.448546283582542,0.8243108377562541,0.01062596305176236
267.9847139735246,7.450294165164281,0.8243933767479436,0.010604203183809939
268.5341443039028,7.452040257374444,0.8244758229910227,0.010582510083774274
269.084137286949,7.453784563872391,0.8245581766860728,0.01056088347878837
269.6346929226633,7.45552708830627,0.824640438033035,0.010539323097377675
270.18581121104563,7.457267834313065,0.8247226072312126,0.010517828669451562
270.73749215209614,7.459006805518636,0.8248046844792729,0.010496399926294865
271.28973574581477,7.460744005537768,0.824886669975252,0.010475036600559503
271.8425419922013,7.462479437974217,0.8249685639165546,0.010453738426256132
272.39591089125605,7.464213106420753,0.8250503664999597,0.010432505138745843
272.94984244297876,7.465945014459202,0.82513207792162,0.010411336474731995
273.50433664736966,7.467675165660499,0.8252136983770679,0.010390232172252004
274.0593935044285,7.469403563584721,0.8252952280612155,0.010369191970669272
274.6150130141556,7.471130211781139,0.8253766671683581,0.010348215610665124
275.17119517655055,7.472855113788258,0.825458015892177,0.010327302834230837
275.72793999161377,7.474578273133862,0.8255392744257422,0.010306453384659681
276.2852474593451,7.476299693335058,0.825620442961514,0.01028566700653907
276.84311757974433,7.478019377898319,0.8257015216913467,0.010264943445742736
277.4015503528118,7.479737330319518,0.8257825108064899,0.01024428244942294
277.96054577854716,7.481453554083986,0.8258634104975924,0.010223683766002802
278.52010385695075,7.483168052666546,0.8259442209547039,0.010203147145168593
279.08022458802236,7.484880829531552,0.8260249423672767,0.010182672337862185
279.6409079717621,7.4865918881329385,0.8261055749241707,0.010162259096273463
280.2021540081698,7.4883012319142574,0.8261861188136526,0.01014190717383285
280.76396269724574,7.490008864308719,0.8262665742234007,0.010121616325203845
281.3263340389897,7.491714788739241,0.8263469413405069,0.010101386306275648
281.88926803340166,7.493419008618474,0.8264272203514782,0.010081216874155816
282.45276468048183,7.4951215273488625,0.8265074114422403,0.010061107787162954
283.01682398022996,7.496822348322667,0.8265875147981384,0.010041058804819513
283.58144593264626,7.498521474922017,0.8266675306039423,0.010021069687844558
284.1466305377305,7.500218910518948,0.8267474590438456,0.010001140198146678
284.71237779548295,7.50191465847544,0.8268273003014702,0.00998127009881685
285.2786877059035,7.503608722143455,0.826907054559868,0.009961459154121433
285.845560268992,7.5053011048649845,0.8269867220015232,0.009941707129495176
286.4129954847487,7.506991809972086,0.8270663028083549,0.009922013791534248
286.98099335317335,7.50868084078691,0.8271457971617185,0.009902378907989385
287.5495538742662,7.510368200621763,0.8272252052424093,0.009882802247758999
288.118677048027,7.512053892779125,0.8273045272306639,0.009863283580882428
288.688362874456,7.513737920551704,0.8273837633061634,0.009843822678533133
289.25861135355296,7.51542028722246,0.8274629136480339,0.00982441931301204
289.82942248531816,7.517100996064653,0.8275419784348507,0.009805073257740845
290.40079626975137,7.518780050341881,0.8276209578446395,0.009785784287255428
290.9727327068526,7.520457453308115,0.8276998520548791,0.00976655217719926
291.545231796622,7.522133208207736,0.827778661242503,0.0097473767043169
292.1182935390593,7.523807318275574,0.8278573855839021,0.00972825764644751
292.6919179341649,7.525479786736947,0.827936025254927,0.009709194782518412
293.2661049819384,7.5271506168077,0.8280145804308899,0.009690187892538726
293.8408546823801,7.528819811694233,0.8280930512865665,0.009671236757592985
294.41616703548976,7.530487374593548,0.8281714379961993,0.009652341159834871
294.99204204126767,7.532153308693283,0.8282497407334981,0.009633500882480927
295.5684796997136,7.533817617171742,0.8283279596716437,0.009614715709804362
296.1454800108275,7.53548030319794,0.8284060949832893,0.009595985427128863
296.7230429746096,7.537141369931636,0.8284841468405624,0.009577309820822461
297.30116859105965,7.538800820523367,0.8285621154150667,0.00955868867829146
297.8798568601779,7.5404586581144875,0.8286400008778863,0.00954012178797436
298.4591077819641,7.542114885837203,0.8287178033995845,0.009521608939335872
299.03892135641854,7.543769506814606,0.8287955231502084,0.009503149922860936
299.6192975835409,7.545422524160705,0.8288731602992905,0.009484744530048814
