ITEM NAME,VARIABLE,MIN,MAX,AVG,RMS,STDDEV
P0,Ux,1.58592014,1.58593959,1.5859290731600661,1.5859290731615605,2.177270598300968E-6
P0,Uy,-5.77022756E-6,6.57552281E-6,1.8489531751014606E-6,2.6110340079516808E-6,1.8436026543055437E-6
P0,Uz,0.00256149883,0.00257042954,0.0025662143599009903,0.002566214743700201,1.4035035588587563E-6
P0,UMag,1.5859222166179268,1.5859416621526938,1.5859311493754304,1.5859311493769253,2.1772655683460103E-6
P0,p,3.87105206,3.87176383,3.871502535115512,3.8715025362156155,9.229360145593529E-5
P0,k,0.0657536504,0.0657538154,0.06575376859925743,0.06575376859927015,4.090320649445465E-8
P100,Ux,6.09553059,6.09555021,6.0955430878795385,6.095543087879901,2.1055977276384296E-6
P100,Uy,-1.91029289E-6,5.04495012E-6,1.2363575252384157E-6,1.6201044502330366E-6,1.0469758829367702E-6
P100,Uz,-0.0216906702,-0.0216719334,-0.021682893895379536,0.021682893971568754,1.8176923070196596E-6
P100,UMag,6.095569125546256,6.095588787245405,6.095581652647236,6.095581652647601,2.1080313264355493E-6
P100,p,4.14908746,4.14961662,4.149398097813531,4.149398098124745,5.0820308441480166E-5
P100,k,1.19376068,1.19376188,1.193761008019802,1.1937610080198278,2.4805588560524344E-7
P101,Ux,6.14520104,6.14521998,6.145213207310231,6.145213207310619,2.185460058955583E-6
P101,Uy,-2.98220373E-6,4.9048203E-6,1.1430526176895982E-6,1.622549164687266E-6,1.1515626361689154E-6
P101,Uz,-0.0219386121,-0.0219213195,-0.02193074123259076,0.02193074130698584,1.8063993434834384E-6
P101,UMag,6.145240154244878,6.145259126109204,6.145252339873196,6.145252339873585,2.187303732364394E-6
P101,p,4.14325521,4.14376829,4.143558322995049,4.143558323278586,4.847369205362146E-5
P101,k,1.34575724,1.34575832,1.3457577212871286,1.3457577212871594,2.8704421767647477E-7
P102,Ux,6.14520104,6.14521998,6.145213207310231,6.145213207310619,2.185460058955583E-6
P102,Uy,-2.98220373E-6,4.9048203E-6,1.1430526176895982E-6,1.622549164687266E-6,1.1515626361689154E-6
P102,Uz,-0.0219386121,-0.0219213195,-0.02193074123259076,0.02193074130698584,1.8063993434834384E-6
P102,UMag,6.145240154244878,6.145259126109204,6.145252339873196,6.145252339873585,2.187303732364394E-6
P102,p,4.14325521,4.14376829,4.143558322995049,4.143558323278586,4.847369205362146E-5
P102,k,1.34575724,1.34575832,1.3457577212871286,1.3457577212871594,2.8704421767647477E-7
P103,Ux,6.14869399,6.14871361,6.148706730693069,6.1487067306934655,2.2077766129364874E-6
P103,Uy,-3.0427393E-6,4.93297266E-6,1.134443772566496E-6,1.627789852928351E-6,1.1673633248400426E-6
P103,Uz,-0.021648486,-0.021631089,-0.02164053850841584,0.02164053858417906,1.8108323321454987E-6
P103,UMag,6.1487320543502815,6.148751705237587,6.14874481280392,6.148744812804317,2.209632074473828E-6
P103,p,4.14311883,4.14363134,4.143421823539604,4.143421823823133,4.847230703132384E-5
P103,k,1.35480647,1.35480767,1.3548069727722774,1.3548069727723089,2.9277138990893184E-7
P104,Ux,6.1605083,6.16052657,6.160519892120463,6.160519892120816,2.09098569191982E-6
P104,Uy,-2.4900012E-6,4.32623753E-6,1.1096196006523597E-6,1.5289656548413045E-6,1.0518936807170185E-6
P104,Uz,-0.0208270098,-0.0208097542,-0.020819309811221123,0.020819309879266445,1.6832448634417785E-6
P104,UMag,6.160543462941477,6.160561761987116,6.160555071166728,6.160555071167084,2.0928114220319236E-6
P104,p,4.14350099,4.14401148,4.143803025767327,4.143803026047191,4.8160188887885706E-5
P104,k,1.38502595,1.38502715,1.3850264589108912,1.3850264589109242,3.0359529140495984E-7
P105,Ux,6.17233818,6.17235576,6.172349796188119,6.172349796188447,2.013606354825723E-6
P105,Uy,-1.84360089E-6,4.46312074E-6,1.086319120932783E-6,1.4569629392445887E-6,9.709025562990639E-7
P105,Uz,-0.0201568777,-0.0201397146,-0.020149494279042907,0.020149494341798805,1.590282786559486E-6
P105,UMag,6.172371058902847,6.172388666283527,6.172382684881736,6.172382684882064,2.0153245515875874E-6
P105,p,4.14398593,4.14449471,4.14428726,4.1442872602767045,4.789031915028433E-5
P105,k,1.41524832,1.41524952,1.415248827821782,1.415248827821819,3.216513823912405E-7
P106,Ux,6.18417549,6.18419308,6.184186845981848,6.1841868459821665,1.9861898886210936E-6
P106,Uy,-1.69380365E-6,4.63129195E-6,1.0628287842938694E-6,1.427100640048446E-6,9.52371362496321E-7
P106,Uz,-0.0194681647,-0.0194509157,-0.019460920474092407,0.019460920536764518,1.5618303002474152E-6
P106,UMag,6.184206100602739,6.184223715240939,6.1842174665389225,6.184217466539242,1.987784434237989E-6
P106,p,4.14433765,4.14484442,4.144638083704621,4.144638083978567,4.7653095533401474E-5
P106,k,1.44545256,1.44545388,1.445453088019802,1.4454530880198413,3.3633293207503827E-7
P107,Ux,6.19606017,6.19607843,6.196071167970297,6.1960711679706275,2.0236421938187442E-6
P107,Uy,-2.0067204E-6,4.80309657E-6,1.039183588300792E-6,1.4414082781657134E-6,9.988770165395423E-7
P107,Uz,-0.0187705867,-0.0187529876,-0.01876321956559406,0.018763219633906623,1.6011018931474318E-6
P107,UMag,6.1960885637339755,6.19610683825694,6.196099577715477,6.196099577715808,2.0250767778649797E-6
P107,p,4.14464429,4.14514905,4.144943840651816,4.144943840923609,4.746718529179711E-5
P107,k,1.47576479,1.47576623,1.4757653116831684,1.4757653116832095,3.485090430321112E-7
P108,Ux,6.20782171,6.20784065,6.207832952821783,6.207832952822141,2.110083943529287E-6
P108,Uy,-2.69129421E-6,4.96630624E-6,1.015922848077726E-6,1.4969452711339085E-6,1.099429812004301E-6
P108,Uz,-0.0180948891,-0.0180769477,-0.018087403242326737,0.018087403322327507,1.7011797471832965E-6
P108,UMag,6.207848045775008,6.207866998101065,6.207859302875765,6.207859302876125,2.111346088566121E-6
P108,p,4.14505459,4.14555762,4.145353479216172,4.14535347948635,4.73283284083645E-5
P108,k,1.50579362,1.50579518,1.505794144059406,1.505794144059448,3.5554358943593696E-7
P109,Ux,6.21965835,6.21967729,6.219669674249175,6.219669674249537,2.118896829966252E-6
P109,Uy,-2.84316461E-6,4.96183957E-6,1.002886025196741E-6,1.502833240035145E-6,1.1192530401207824E-6
P109,Uz,-0.0173635505,-0.0173457703,-0.01735616756963696,0.01735616765429561,1.714263490348536E-6
P109,UMag,6.2196825531913325,6.219701504793358,6.219693890645481,6.219693890645844,2.12014369263778E-6
P109,p,4.14548699,4.1459883,4.145785273828383,4.145785274096638,4.716204475397592E-5
P109,k,1.53387573,1.53387741,1.5338763151485149,1.5338763151485642,3.8849956067119416E-7
P10,Ux,1.92089989,1.92091444,1.9209082852310233,1.9209082852318664,1.8000358529946358E-6
P10,Uy,-4.55213578E-6,5.05893888E-6,1.37780897618066E-6,1.8898312954969263E-6,1.293485504594308E-6
P10,Uz,0.0260264845,0.026033641,0.02603001349686469,0.026030013522071165,1.1455348284570058E-6
P10,UMag,1.9210762671165313,1.9210907573076819,1.9210846420386387,1.921084642039481,1.7986898070661914E-6
P10,p,3.87365681,3.874281,3.874020816146864,3.8740208166863477,6.465244163725109E-5
P10,k,0.170857599,0.170857599,0.17085759900000003,0.170857599,2.7755575615628914E-17
P110,Ux,6.23099774,6.23101533,6.2310086895957095,6.231008689596018,1.9581012014639377E-6
P110,Uy,-2.18313669E-6,4.66161313E-6,1.0107523087850377E-6,1.4150135570791787E-6,9.902742736250324E-7
P110,Uz,-0.0172577086,-0.0172409934,-0.01725081632037954,0.017250816391032205,1.561291882232002E-6
P110,UMag,6.231021606639736,6.231039208525409,6.23103256936484,6.231032569365148,1.9594001016737386E-6
P110,p,4.14639199,4.14689244,4.146690232929043,4.146690233194399,4.69116236493466E-5
P110,k,1.55842182,1.5584235,1.5584225016831683,1.5584225016832198,4.0122724926291937E-7
P111,Ux,6.24232427,6.24234051,6.242334603341583,6.2423346033418605,1.8554100644149449E-6
P111,Uy,-1.69048736E-6,4.36515397E-6,1.018565581381648E-6,1.3639966631487452E-6,9.071995665263392E-7
P111,Uz,-0.0171500855,-0.0171339438,-0.0171434955929868,0.017143495655097513,1.4593113428164216E-6
P111,UMag,6.242347797728025,6.2423640635731585,6.242358144124771,6.242358144125048,1.8567096547192729E-6
P111,p,4.14724301,4.1477426,4.147541164958746,4.1475411652215755,4.6692510354262804E-5
P111,k,1.58293336,1.58293516,1.582934006039604,1.5829340060396602,4.2191355504158225E-7
P112,Ux,6.25371913,6.25373469,6.253729088861387,6.253729088861645,1.7977317090468938E-6
P112,Uy,-2.13876143E-6,4.06640889E-6,1.0264324640876781E-6,1.3532775621081932E-6,8.819277503131373E-7
P112,Uz,-0.0170423289,-0.0170259164,-0.01703582492359736,0.017035824982639666,1.4183330811368097E-6
P112,UMag,6.2537423206827585,6.253757905248768,6.253752292520526,6.253752292520784,1.7990186414396199E-6
P112,p,4.14810695,4.14860539,4.14840484869637,4.148404848956957,4.649777312121936E-5
P112,k,1.60759415,1.60759595,1.6075948673267326,1.6075948673267901,4.3008263329982364E-7
P113,Ux,6.26515594,6.2651715,6.265165526773928,6.265165526774186,1.8004180130280901E-6
P113,Uy,-2.65445868E-6,3.95454111E-6,1.0343254593106088E-6,1.3845075656092704E-6,9.203434377726643E-7
P113,Uz,-0.0169340399,-0.0169173538,-0.016927622232590762,0.016927622294243033,1.4447327961413623E-6
P113,UMag,6.265178795122808,6.265194373268395,6.265188394795073,6.265188394795333,1.8016401539567825E-6
P113,p,4.14897032,4.14946761,4.149268270561056,4.149268270819846,4.634195553621072E-5
P113,k,1.63234542,1.63234734,1.6323461162376238,1.6323461162376796,4.266722522781277E-7
P114,Ux,6.27656569,6.27658125,6.276575483259076,6.276575483259343,1.8324316173971043E-6
P114,Uy,-3.12809094E-6,4.57619342E-6,1.0419381314462293E-6,1.4505587575158623E-6,1.0092004950674086E-6
P114,Uz,-0.0167873205,-0.0167704072,-0.01678101261006601,0.01678101267961764,1.527839548643862E-6
P114,UMag,6.276588122523441,6.2766036920533415,6.276597916024059,6.276597916024326,1.8336125758578098E-6
P114,p,4.14983655,4.15033298,4.150134276707921,4.150134276965162,4.620791527930196E-5
P114,k,1.65693938,1.65694142,1.65694013,1.6569401300000648,4.636478263973243E-7
P115,Ux,6.28737332,6.2873882,6.287382970651816,6.287382970652065,1.7731961003279695E-6
P115,Uy,-2.6045046E-6,4.52039389E-6,1.0384758771411313E-6,1.404707761401585E-6,9.459237535540646E-7
P115,Uz,-0.0163345092,-0.0163182155,-0.016328561388366334,0.016328561453919505,1.4631397522369338E-6
P115,UMag,6.287394522316213,6.287409411515182,6.287404173549174,6.287404173549424,1.7743935872228987E-6
P115,p,4.15059196,4.15108667,4.150889289529703,4.150889289783349,4.58880222372252E-5
P115,k,1.67809356,1.67809548,1.6780942866336634,1.678094286633728,4.6569394024776035E-7
P116,Ux,6.29797799,6.29799288,6.297987958613862,6.29798795861409,1.6971477896044284E-6
P116,Uy,-1.76738051E-6,4.29944201E-6,1.030863645175891E-6,1.346672245345081E-6,8.66513866846594E-7
P116,Uz,-0.0158300196,-0.0158143866,-0.015824305405775577,0.015824305466143083,1.382225612193238E-6
P116,UMag,6.2979978689238,6.298012767927964,6.298007838633617,6.298007838633847,1.6983107678315838E-6
P116,p,4.15152855,4.15202124,4.151825266856435,4.151825267106155,4.553660312170636E-5
P116,k,1.69869258,1.69869474,1.6986933898019803,1.698693389802053,4.976727625755276E-7
P117,Ux,6.30854884,6.3085644,6.308559115503301,6.3085591155035186,1.6603432666892062E-6
P117,Uy,-1.5336972E-6,4.07538611E-6,1.0233470837943465E-6,1.32152882894432E-6,8.361813151587112E-7
P117,Uz,-0.015327623,-0.015312619,-0.01532210964108911,0.015322109700021234,1.3438485549870158E-6
P117,UMag,6.3085674454192695,6.308583014664996,6.308577722501894,6.308577722502113,1.661488899877226E-6
P117,p,4.15252801,4.15301898,4.152824112681518,4.152824112927419,4.5192585782658664E-5
P117,k,1.71921853,1.71922069,1.7192193473267325,1.719219347326808,5.088102820792734E-7
P118,Ux,6.3191623,6.31917786,6.319172782376238,6.3191727823764605,1.6790021289264618E-6
P118,Uy,-1.69988879E-6,4.06732862E-6,1.0157986975306798E-6,1.3315612946702399E-6,8.609346592853955E-7
P118,Uz,-0.0148232074,-0.0148088218,-0.014817883371122113,0.014817883432811171,1.352110401634792E-6
P118,UMag,6.319179671234018,6.319195240688936,6.319190155644617,6.319190155644841,1.6800931470880358E-6
P118,p,4.15352977,4.15401902,4.153825514777227,4.153825515019733,4.488483421610124E-5
P118,k,1.73982726,1.73982942,1.7398280298019804,1.7398280298020554,5.109832885410735E-7
P119,Ux,6.32961408,6.32962964,6.329624416245874,6.329624416246106,1.7090303782686072E-6
P119,Uy,-2.16418124E-6,4.30093241E-6,1.0084625769248845E-6,1.374745358342581E-6,9.343061763825028E-7
P119,Uz,-0.0143272234,-0.014312884,-0.014321967565594057,0.014321967634450431,1.4043921959383833E-6
P119,UMag,6.329630277470734,6.329645850236775,6.329640619300178,6.329640619300409,1.7100631026431213E-6
P119,p,4.15460617,4.15509342,4.154901152887788,4.15490115312712,4.459589919112776E-5
P119,k,1.7601112,1.76011336,1.7601119936633662,1.7601119936634437,5.214673181671356E-7
P11,Ux,1.93079894,1.93081298,1.9308063377887785,1.9308063377895528,1.728858594912016E-6
P11,Uy,-3.64606846E-6,5.73040172E-6,1.4683464161305528E-6,1.967179924278006E-6,1.309104906689675E-6
P11,Uz,0.0310176198,0.0310261241,0.031022532421947194,0.031022532441761872,1.1087843996383619E-6
P11,UMag,1.9310481376618427,1.9310621525867864,1.9310555433669672,1.9310555433677394,1.7272775597125677E-6
P11,p,3.87305156,3.8736146,3.8733769634405943,3.87337696391327,6.051202456774732E-5
P11,k,0.186920079,0.186920124,0.18692010874009898,0.18692010874009907,3.2425506372789775E-9
P12,Ux,1.93234228,1.93235615,1.9323495263201318,1.9323495263208348,1.6479684933155559E-6
P12,Uy,-3.45242309E-6,5.44092097E-6,1.5355191637458747E-6,1.9792077297949705E-6,1.2487770559428657E-6
P12,Uz,0.0319959436,0.0320040805,0.03200065458721123,0.03200065460344852,1.019415698062114E-6
P12,UMag,1.9326072193858546,1.9326210719509933,1.9326144814133543,1.932614481414056,1.6465626023827394E-6
P12,p,3.87280521,3.87335993,3.873124694051155,3.873124694515055,5.994569093265226E-5
P12,k,0.189930029,0.189930059,0.18993004366584157,0.18993004366584157,2.934891084151222E-9
P13,Ux,1.93578855,1.93580191,1.9357955314521451,1.9357955314527597,1.5422900561673989E-6
P13,Uy,-3.60629843E-6,4.68840832E-6,1.6958449575491745E-6,2.088748869443875E-6,1.2194185989881019E-6
P13,Uz,0.0342187913,0.0342261619,0.03422291327871287,0.03422291329266595,9.77256398389768E-7
P13,UMag,1.9360910192378662,1.9361043617822553,1.936098021121012,1.936098021121625,1.5405277103112218E-6
P13,p,3.87232458,3.87286034,3.8726311191996694,3.8726311196461745,5.8807297728326376E-5
P13,k,0.196650509,0.196650539,0.19665051965594058,0.19665051965594074,7.044971474811651E-9
P14,Ux,1.93924276,1.93925595,1.939249815610561,1.9392498156112037,1.578696523394681E-6
P14,Uy,-4.3000714E-6,4.90866984E-6,1.8542233310452972E-6,2.2838850673037164E-6,1.3334117290845257E-6
P14,Uz,0.0364287612,0.0364371835,0.036433938111963694,0.03643393813126643,1.1859802487086812E-6
P14,UMag,1.9395849683286839,1.9395981318800726,1.9395920393728596,1.9395920393735009,1.5770595876379833E-6
P14,p,3.87179053,3.87232544,3.872102032516502,3.8721020329493405,5.7896383539194744E-5
P14,k,0.203372278,0.203372308,0.20337229094554454,0.20337229094554465,5.768813820564558E-9
P15,Ux,1.9420722,1.94208488,1.942079161757426,1.9420791617580102,1.5066657055997026E-6
P15,Uy,-4.14635155E-6,4.63626155E-6,1.9261922876759077E-6,2.336319061416433E-6,1.3221838100792255E-6
P15,Uz,0.0385801421,0.0385891379,0.03858560511204621,0.038585605129489546,1.1602256984056582E-6
P15,UMag,1.942455458519138,1.9424681057317021,1.9424624370785386,1.9424624370791221,1.505566451747811E-6
P15,p,3.87112499,3.8716576,3.8714404202557757,3.871440420676513,5.7076445970912875E-5
P15,k,0.209565103,0.209565133,0.20956511356930696,0.20956511356930704,7.213000395980154E-9
P16,Ux,1.94452531,1.94453715,1.944531948448845,1.94453194844935,1.4016956621278202E-6
P16,Uy,-3.75522223E-6,4.41628714E-6,1.9657225182035063E-6,2.345140243791632E-6,1.278912719648507E-6
P16,Uz,0.0407102228,0.0407190812,0.04071533221625412,0.040715332229890995,1.0537833545413313E-6
P16,UMag,1.9449515132428998,1.9449633051766584,1.9449581581160962,1.9449581581165998,1.3995121043407908E-6
P16,p,3.87039255,3.87092229,3.870711234183169,3.8707112345932395,5.634301940833821E-5
P16,k,0.215418857,0.215418887,0.21541887019306935,0.21541887019306938,5.3192487699604044E-9
P17,Ux,1.94698163,1.94699398,1.9469881788118812,1.9469881788124075,1.4314971417832362E-6
P17,Uy,-4.3556335E-6,4.86838947E-6,1.993582056455363E-6,2.419058418695107E-6,1.3702095523090175E-6
P17,Uz,0.0428348913,0.0428446534,0.04284047054711221,0.04284047056291401,1.163577671121629E-6
P17,UMag,1.947452884403383,1.947465178864444,1.9474594410043857,1.9474594410049106,1.4299498649985628E-6
P17,p,3.86966069,3.87018698,3.8699822604537957,3.8699822608563,5.581551750128665E-5
P17,k,0.2212763,0.22127633,0.22127631477722765,0.22127631477722776,2.9137564180894256E-9
P18,Ux,1.94905081,1.94906265,1.949057132417492,1.9490571324179515,1.3384974510098266E-6
P18,Uy,-3.63687349E-6,5.04554144E-6,1.9911485374528053E-6,2.3725860502165473E-6,1.2901519551904383E-6
P18,Uz,0.0450077971,0.0450173954,0.04501336776427393,0.04501336777768638,1.0988533508926888E-6
P18,UMag,1.9495705383988506,1.9495822971437682,1.9495768537587372,1.9495768537591962,1.3373190095685382E-6
P18,p,3.86880048,3.86932217,3.8691232541914196,3.869123254585328,5.5210200613098E-5
P18,k,0.226483616,0.226483631,0.2264836177574257,0.2264836177574258,4.824193287322927E-9
P19,Ux,1.95104016,1.95105183,1.9510466655198022,1.9510466655202339,1.298046823069185E-6
P19,Uy,-3.6368451E-6,4.66166152E-6,1.9765766577886967E-6,2.3379249863660863E-6,1.2486144151657596E-6
P19,Uz,0.0473892498,0.0473987371,0.047394713530940595,0.047394713543715494,1.100420443729704E-6
P19,UMag,1.951615721358247,1.9516273065457586,1.9516222354526758,1.951622235453106,1.295722223715692E-6
P19,p,3.86799224,3.86851106,3.868315452475247,3.8683154528615056,5.466564914261415E-5
P19,k,0.231521096,0.231521111,0.23152109957673267,0.23152109957673275,6.392024205209191E-9
P1,Ux,1.7303194,1.73033716,1.7303286344471946,1.7303286344482864,1.9436470791616013E-6
P1,Uy,-6.52726881E-6,6.32075668E-6,1.8172315660025577E-6,2.4380581958200012E-6,1.6253606374368032E-6
P1,Uz,0.00540982597,0.00541751593,0.005414044204471947,0.0054140443236642966,1.1360569135170904E-6
P1,UMag,1.7303278671760374,1.7303456254935148,1.7303371044596416,1.730337104460733,1.9435691651028605E-6
P1,p,3.87170411,3.87241875,3.8721574879537957,3.872157488939412,8.736664026272809E-5
P1,k,0.0805721257,0.0805724482,0.08057236489554456,0.08057236489556373,5.5598143799836134E-8
P20,Ux,1.95300617,1.95301818,1.9530133087623762,1.9530133087628614,1.3763607558760414E-6
P20,Uy,-4.11582166E-6,4.8104008E-6,1.9680783863877886E-6,2.368021358935055E-6,1.3168874748458438E-6
P20,Uz,0.0495655489,0.0495760669,0.04957159731080858,0.04957159732594388,1.2249741006584866E-6
P20,UMag,1.953635172054387,1.953647039526951,1.9536423233207305,1.9536423233212143,1.3750936752071762E-6
P20,p,3.86712772,3.86764712,3.867451409290429,3.8674514096720576,5.4331054578172174E-5
P20,k,0.236558262,0.236558262,0.23655826200000005,0.23655826199999996,5.551115123125783E-17
P21,Ux,1.95453666,1.95454901,1.9545441325660067,1.9545441325664388,1.2997964170687626E-6
P21,Uy,-3.67584444E-6,4.34629917E-6,1.966134459551815E-6,2.316066027873661E-6,1.2241230054342448E-6
P21,Uz,0.0515878572,0.0515979946,0.051594078957508255,0.05159407897012096,1.1408250011804357E-6
P21,UMag,1.9552174937856488,1.9552297259637195,1.9552249781389206,1.9552249781393525,1.2997300644905354E-6
P21,p,3.86610472,3.86662268,3.8664267712376232,3.866426771612673,5.38535160401509E-5
P21,k,0.241008861,0.241008861,0.241008861,0.241008861,0.0
P22,Ux,1.95631324,1.95632643,1.9563210832095712,1.9563210832100117,1.3133906108540756E-6
P22,Uy,-3.3779407E-6,4.39852562E-6,1.9502338071754124E-6,2.301310940990792E-6,1.2217283431573566E-6
P22,Uz,0.0538194523,0.0538299756,0.05382623985445544,0.053826239866851186,1.1551763157987367E-6
P22,UMag,1.9570535837514464,1.9570666321225698,1.957061431001534,1.9570614310019738,1.31241523133951E-6
P22,p,3.86525944,3.8657797,3.865580001212871,3.865580001582687,5.3470619343105164E-5
P22,k,0.245435103,0.245435103,0.24543510299999996,0.24543510300000002,2.7755575615628914E-17
P23,Ux,1.95769979,1.95771332,1.9577078218234323,1.9577078218239212,1.3835616943968482E-6
P23,Uy,-3.44751155E-6,4.77892957E-6,1.9432658024711798E-6,2.3214176002486963E-6,1.2699203501363613E-6
P23,Uz,0.0558134889,0.0558245936,0.05582066756278877,0.05582066757625703,1.2262195814602711E-6
P23,UMag,1.9584954428924817,1.9585088117870644,1.9585034752490729,1.9585034752495616,1.3835121127946887E-6
P23,p,3.86415719,3.86467917,3.864476089026402,3.864476089393305,5.325194819142176E-5
P23,k,0.249652411,0.249652411,0.24965241099999996,0.249652411,2.7755575615628914E-17
P24,Ux,1.95853464,1.95854749,1.958542255008251,1.9585422550087062,1.3356525518198247E-6
P24,Uy,-3.53489716E-6,4.33361886E-6,1.913733719108495E-6,2.2456478607245546E-6,1.1749713046385157E-6
P24,Uz,0.0578182866,0.0578289473,0.057824881988283824,0.05782488199980183,1.1541466229378963E-6
P24,UMag,1.9593880920660864,1.9594007812738314,1.959395692971723,1.959395692972178,1.3352049089196535E-6
P24,p,3.86265441,3.86317582,3.8629703516171614,3.862970351980682,5.299564494397918E-5
P24,k,0.253141632,0.253141632,0.25314163200000006,0.253141632,5.551115123125783E-17
P25,Ux,1.95917565,1.959188,1.959183065561056,1.9591830655615337,1.3676058669460106E-6
P25,Uy,-3.90841528E-6,4.50698904E-6,1.880560923169241E-6,2.2174241875868743E-6,1.1749300583201373E-6
P25,Uz,0.0598419427,0.059852968,0.05984831577731023,0.059848315789626606,1.2141782091070235E-6
P25,UMag,1.9600895805362102,1.960101761466314,1.9600969632365122,1.9600969632369873,1.3647952549719802E-6
P25,p,3.86122255,3.86174568,3.8615359372194717,3.8615359375810225,5.284206407698216E-5
P25,k,0.256559374,0.256559374,0.256559374,0.256559374,0.0
P26,Ux,1.96037329,1.96038479,1.9603801293564356,1.9603801293569152,1.371162721784187E-6
P26,Uy,-3.78019831E-6,4.51362679E-6,1.8437695702681105E-6,2.1834751969855997E-6,1.1696485402054113E-6
P26,Uz,0.0619142035,0.0619261432,0.06192113412169966,0.06192113413461742,1.2648173672540654E-6
P26,UMag,1.961351012536872,1.961362343450474,1.9613578149926765,1.9613578149931543,1.3692413844927338E-6
P26,p,3.85936632,3.8598906,3.859676490321782,3.8596764906819145,5.272558774085937E-5
P26,k,0.259935962,0.259935962,0.2599359620000001,0.25993596199999996,5.551115123125783E-17
P27,Ux,1.96218758,1.96219875,1.9621940298102312,1.9621940298106773,1.3233174310871253E-6
P27,Uy,-3.24503736E-6,4.33739292E-6,1.7875658029485974E-6,2.088637767611012E-6,1.0802852514127223E-6
P27,Uz,0.0641979235,0.0642092554,0.06420479786963697,0.0642047978810572,1.210977568661094E-6
P27,UMag,1.963237762352462,1.9632486954558985,1.9632441688944913,1.9632441688949378,1.3234480561492675E-6
P27,p,3.85699989,3.85752503,3.857307758457096,3.857307758815355,5.257215105308788E-5
P27,k,0.263122706,0.263122706,0.26312270599999993,0.263122706,5.551115123125783E-17
P28,Ux,1.96401608,1.96402792,1.9640223700742574,1.9640223700747554,1.398457865088887E-6
P28,Uy,-3.23451265E-6,4.35803717E-6,1.7305787363507343E-6,2.050620288670741E-6,1.100064000683037E-6
P28,Uz,0.0664849257,0.0664969395,0.06649226135321783,0.06649226136538573,1.2720627106137799E-6
P28,UMag,1.9651413353080456,1.9651530655195646,1.965147600303291,1.9651476003037907,1.4012069403577994E-6
P28,p,3.85463632,3.85516548,3.854945141328383,3.8549451416865272,5.2547613653038164E-5
P28,k,0.266301712,0.266301742,0.26630171472277236,0.2663017147227724,8.61798580673044E-9
P29,Ux,1.96567545,1.96568746,1.9656819405445547,1.9656819405450836,1.4421816762483123E-6
P29,Uy,-2.86937494E-6,4.31342077E-6,1.6981735543614689E-6,2.011272293486361E-6,1.0776932855934584E-6
P29,Uz,0.068579639,0.0685916528,0.06858697282252475,0.0685869728343228,1.2721571713274714E-6
P29,UMag,1.9668716240486073,1.9668835854627016,1.9668781518512055,1.9668781518517375,1.4465776828414268E-6
P29,p,3.85195205,3.85248379,3.8522614308168315,3.8522614311746706,5.2506960560827116E-5
P29,k,0.269019234,0.269019264,0.2690192367227723,0.26901923672277245,8.617985806730438E-9
P2,Ux,1.79820351,1.79821991,1.7982132242656763,1.798213224266955,2.1443788761259824E-6
P2,Uy,-5.47020629E-6,6.21930586E-6,1.929181134222442E-6,2.532706160095141E-6,1.640993797899336E-6
P2,Uz,0.00818363939,0.00819204321,0.008188055362161717,0.008188055468626894,1.320411136184226E-6
P2,UMag,1.798222152923638,1.798238547677229,1.798231866079214,1.7982318660804928,2.1441996700370387E-6
P2,p,3.87237109,3.87310037,3.8728289118976895,3.8728289127834086,8.282797717459233E-5
P2,k,0.0943049662,0.0943052286,0.09430514647095709,0.09430514647096776,4.484791110081376E-8
P30,Ux,1.96704239,1.96705372,1.9670489009240923,1.9670489009246235,1.445350793068581E-6
P30,Uy,-2.71442115E-6,4.17435551E-6,1.690107885555033E-6,1.9878258768774466E-6,1.0464162899956616E-6
P30,Uz,0.0704724439,0.0704845316,0.0704799772410066,0.07047997725203252,1.2466805369318603E-6
P30,UMag,1.9683046019987793,1.968316001002324,1.968311155743439,1.9683111557439712,1.44745798964076E-6
P30,p,3.84916183,3.84969472,3.8494710975412536,3.849471097898753,5.246295780024614E-5
P30,k,0.271303437,0.271303467,0.2713034453168317,0.27130344531683204,1.3428896519313515E-8
P31,Ux,1.96858658,1.96859842,1.9685932099422443,1.9685932099428312,1.5199394464159368E-6
P31,Uy,-3.04254897E-6,4.72568371E-6,1.6750496010871947E-6,2.017932061188425E-6,1.12528158141409E-6
P31,Uz,0.0724336104,0.072446195,0.07244137142524752,0.07244137143749046,1.331837372165916E-6
P31,UMag,1.9699189482911852,1.969930959296508,1.9699256276647912,1.9699256276653785,1.521407827242841E-6
P31,p,3.84627829,3.84681262,3.846587552054456,3.846587552413062,5.252449250295443E-5
P31,k,0.273641843,0.273641843,0.27364184300000005,0.273641843,5.551115123125783E-17
P32,Ux,1.97110244,1.97111445,1.97110922650165,1.9711092265022088,1.4837726109088795E-6
P32,Uy,-2.82897423E-6,4.57438172E-6,1.6868080009867162E-6,1.9966399109413295E-6,1.0682928913790449E-6
P32,Uz,0.0746192594,0.0746320818,0.07462707404834984,0.07462707405994623,1.3156029054482473E-6
P32,UMag,1.9725145972219493,1.972526782595609,1.9725214277636283,1.972521427764188,1.4860388295712843E-6
P32,p,3.84269706,3.84323167,3.843005745387789,3.843005745746183,5.248446087114953E-5
P32,k,0.275676783,0.275676813,0.27567681295049506,0.27567681295049506,1.2176607814388206E-9
P33,Ux,1.97432494,1.97433729,1.9743317817409238,1.9743317817414925,1.498067959985696E-6
P33,Uy,-2.9530281E-6,4.44160968E-6,1.744518503443E-6,2.038718886697539E-6,1.0550023175909377E-6
P33,Uz,0.0771822135,0.0771955328,0.077189852639934,0.07718985265162487,1.343440845449018E-6
P33,UMag,1.9758332281852364,1.9758456653919787,1.9758401397250804,1.9758401397256489,1.498959861438577E-6
P33,p,3.8388198,3.83935413,3.839127162021452,3.8391271623801333,5.247899715629871E-5
P33,k,0.277666518,0.277666548,0.2776665181980198,0.2776665181980198,2.429276071807548E-9
P34,Ux,1.97714744,1.97716063,1.9771548888696369,1.977154888870289,1.605628392302372E-6
P34,Uy,-2.98269569E-6,4.93224359E-6,1.7657600565501649E-6,2.1008734297575093E-6,1.1383148029227413E-6
P34,Uz,0.0794502992,0.0794643003,0.07945796683440594,0.0794579668477257,1.4548953037919157E-6
P34,UMag,1.97874334292124,1.9787566956780474,1.9787508744359625,1.9787508744366158,1.6082483090617897E-6
P34,p,3.8349882,3.83552224,3.835294478176568,3.8352944785371075,5.2588537546173805E-5
P34,k,0.279622899,0.279622929,0.27962289919801975,0.2796228991980198,2.429276071807549E-9
P35,Ux,1.97976986,1.97978373,1.9797777555445546,1.9797777555451834,1.578080240269327E-6
P35,Uy,-3.04145924E-6,4.32785245E-6,1.7949832529712046E-6,2.087627964873336E-6,1.0659388543786645E-6
P35,Uz,0.0813079296,0.081321973,0.08131546918688119,0.08131546919899026,1.4033208030379189E-6
P35,UMag,1.9814390256304502,1.9814529709223045,1.9814469881590155,1.9814469881596466,1.5811951627681782E-6
P35,p,3.8308155,3.83134925,3.831120102879538,3.831120103239908,5.254749727164512E-5
P35,k,0.280905426,0.280905456,0.28090542763366333,0.28090542763366344,6.807425720990638E-9
P36,Ux,1.98198466,1.98199904,1.9819929044554454,1.9819929044560924,1.6016320421681329E-6
P36,Uy,-3.21404551E-6,4.36345614E-6,1.8306313790014358E-6,2.1295537262245175E-6,1.0880201409404279E-6
P36,Uz,0.0831916753,0.0832070717,0.08320022993721123,0.08320022994944501,1.4267828536822446E-6
P36,UMag,1.9837301279366808,1.983744581296394,1.9837384282157535,1.9837384282164001,1.6018060283305632E-6
P36,p,3.82668845,3.82722163,3.826991097367986,3.8269910977291923,5.258003967631539E-5
P36,k,0.282127151,0.282127181,0.28212718087623756,0.2821271808762376,1.922902534572222E-9
P37,Ux,1.98471329,1.98472801,1.9847216479125411,1.9847216479132312,1.6546880641754403E-6
P37,Uy,-3.20165651E-6,4.9186384E-6,1.8620537129831767E-6,2.196459383083207E-6,1.1649848889577186E-6
P37,Uz,0.0850187982,0.0850354155,0.08502848309719471,0.08502848311073022,1.5171702810684343E-6
P37,UMag,1.9865337932503149,1.9865487042727967,1.9865421874799454,1.9865421874806353,1.6556241374969179E-6
P37,p,3.82236989,3.82290221,3.822670405379538,3.8226704057422154,5.265731112694647E-5
P37,k,0.283309162,0.283309192,0.28330919140594063,0.28330919140594063,4.179578397642714E-9
P38,Ux,1.98831482,1.98832903,1.988322860610561,1.9883228606112142,1.6117073609456718E-6
P38,Uy,-2.51014171E-6,4.77782758E-6,1.91063307765684E-6,2.1935372542921917E-6,1.0775374371831726E-6
P38,Uz,0.0869471369,0.0869633051,0.08695661389298681,0.08695661390534114,1.4658045566151153E-6
P38,UMag,1.9902153670292069,1.9902297325015015,1.9902234172909457,1.9902234172916007,1.6141941987600641E-6
P38,p,3.81717103,3.8177022,3.8174682110726077,3.8174682114347798,5.25848382775016E-5
P38,k,0.284085121,0.284085181,0.28408515100000004,0.28408515100000004,1.2186666960396233E-9
P39,Ux,1.9925851,1.99259931,1.9925930460891088,1.992593046089803,1.6629363524182153E-6
P39,Uy,-2.62650375E-6,4.49246445E-6,2.011897191548845E-6,2.3041963135897284E-6,1.1232053873617081E-6
P39,Uz,0.0893784259,0.0893940285,0.08938750508267326,0.08938750509531733,1.5034762537063567E-6
P39,UMag,1.9945890022294257,1.99460335617625,1.9945969952336595,1.994596995234354,1.6649070162219622E-6
P39,p,3.81182258,3.81235691,3.812121074463696,3.8121210748265826,5.2599777699018596E-5
P39,k,0.284881867,0.284881867,0.28488186700000007,0.28488186700000007,5.551115123125783E-17
P3,Ux,1.82887824,1.82889617,1.8288894333333334,1.8288894333347987,2.3151475894365072E-6
P3,Uy,-5.20412089E-6,6.37727625E-6,1.7654684949015234E-6,2.4072709398529875E-6,1.6364823162414056E-6
P3,Uz,0.0100260326,0.0100339026,0.010030030701320131,0.010030030775859476,1.2228098114716134E-6
P3,UMag,1.8289057379691105,1.8289236714602137,1.8289169365724287,1.8289169365738949,2.31565610518823E-6
P3,p,3.87287297,3.87360484,3.8733274550412546,3.873327455848322,7.907005759869993E-5
P3,k,0.104152064,0.104152154,0.1041521303770627,0.10415213037706579,2.533372441357988E-8
P40,Ux,1.99581268,1.9958279,1.9958214157838285,1.9958214157845755,1.7268472090190703E-6
P40,Uy,-2.57300675E-6,4.97817715E-6,2.0361037246289243E-6,2.3468543581688668E-6,1.1670505563206873E-6
P40,Uz,0.0909843169,0.0909995707,0.09099317943795379,0.0909931794509574,1.538336533706557E-6
P40,UMag,1.9978858537541437,1.997901205284083,1.9978946124391688,1.9978946124399177,1.729790265246611E-6
P40,p,3.80657175,3.80710981,3.806872232755775,3.8068722331196034,5.2631700311878805E-5
P40,k,0.285466664,0.285466694,0.28546669382673273,0.28546669382673273,2.2733231730557227E-9
P41,Ux,1.99817547,1.99819002,1.9981838664933989,1.9981838664941323,1.7117004642578824E-6
P41,Uy,-2.46669263E-6,4.8636373E-6,2.0174677262924095E-6,2.2979059384092823E-6,1.1000889396522356E-6
P41,Uz,0.0920288749,0.0920439595,0.09203762591666667,0.09203762592901207,1.507476123927162E-6
P41,UMag,2.0002940098945023,2.0003086612172187,2.000302399365264,2.0003023993659985,1.714004698753722E-6
P41,p,3.80122789,3.80177025,3.801530822260726,3.801530822624188,5.256827484773483E-5
P41,k,0.285639049,0.285639079,0.2856390663019802,0.2856390663019806,1.482231047271982E-8
P42,Ux,2.00040144,2.00041615,2.00040961580033,2.000409615801099,1.7536631918581374E-6
P42,Uy,-2.72397937E-6,4.96468068E-6,1.9975518513664193E-6,2.2964659507074765E-6,1.1329353308381669E-6
P42,Uz,0.0930520481,0.0930674182,0.09306102764933993,0.09306102766271014,1.57749543022091E-6
P42,UMag,2.002564959933063,2.002579703653038,2.0025730912656683,2.002573091266437,1.7545939041723592E-6
P42,p,3.79587455,3.79642123,3.796180190132013,3.796180190496389,5.259726591122259E-5
P42,k,0.285817944,0.285817974,0.2858179463019802,0.28581794630198026,7.98500426057479E-9
P43,Ux,2.00375942,2.00377379,2.003767301592409,2.003767301593173,1.7491731725860704E-6
P43,Uy,-2.74363098E-6,5.1537013E-6,1.9523298267841254E-6,2.2474310659154594E-6,1.1132630612263055E-6
P43,Uz,0.0942771033,0.0942930019,0.09428645617235974,0.09428645618626548,1.6193353494302291E-6
P43,UMag,2.005976466472821,2.005990952259407,2.005984380486581,2.0059843804873454,1.7513390723142826E-6
P43,p,3.79001273,3.79056314,3.790320670618812,3.7903206709834736,5.257726550720012E-5
P43,k,0.28570093,0.28570096,0.2857009323019802,0.2857009323019803,7.985004260574792E-9
P44,Ux,2.00826564,2.00828019,2.0082736433663366,2.0082736433670743,1.7214885016235133E-6
P44,Uy,-2.45595968E-6,4.69729489E-6,1.8564431929295207E-6,2.12758927411692E-6,1.03935306357513E-6
P44,Uz,0.0959162819,0.0959328253,0.09592604861831683,0.09592604863215129,1.6291626138210653E-6
P44,UMag,2.010555282446587,2.0105700297204265,2.010563312470064,2.0105633124708033,1.7237095949703825E-6
P44,p,3.78344345,3.78399702,3.7837538160148516,3.783753816379577,5.253633422754987E-5
P44,k,0.285310206,0.285310266,0.2853102073118813,0.28531020731188134,8.205996198997788E-9
P45,Ux,2.01260392,2.01261897,2.012611858259076,2.012611858259866,1.7834850248451087E-6
P45,Uy,-2.39005433E-6,5.02337422E-6,1.7718927356270216E-6,2.073230705668852E-6,1.076420778487835E-6
P45,Uz,0.097427289,0.0974445829,0.09743750056188119,0.0974375005771604,1.725553796663886E-6
P45,UMag,2.014961066771391,2.0149764493196187,2.0149691209862404,2.014969120987032,1.786614066016971E-6
P45,p,3.77696748,3.77752449,3.7772802474917495,3.7772802478579615,5.2598192785519624E-5
P45,k,0.284919332,0.284919422,0.2849193463811881,0.2849193463811887,1.833039034270267E-8
P46,Ux,2.01679031,2.01680553,2.0167982055775577,2.01679820557835,1.787490242237546E-6
P46,Uy,-2.31418945E-6,4.87224063E-6,1.7185597878048677E-6,2.0045971445152006E-6,1.0319699450752353E-6
P46,Uz,0.0984345214,0.0984517413,0.09844465675668317,0.09844465677193284,1.732771454451851E-6
P46,UMag,2.0191914232653128,2.0192069601590705,2.019199433555737,2.0191994335565306,1.7902916025397043E-6
P46,p,3.77069738,3.77125611,3.7710122002145217,3.7710122005812976,5.25950043614588E-5
P46,k,0.284145353,0.284145503,0.2841453604752475,0.28414536047524824,2.0369407297004426E-8
P47,Ux,2.02044985,2.0204649,2.020457795420792,2.020457795421576,1.7797430204931662E-6
P47,Uy,-2.0252626E-6,4.31904685E-6,1.658531166642615E-6,1.9359523720303405E-6,9.985919867718694E-7
P47,Uz,0.09906429,0.0990814677,0.09907416407169965,0.09907416408691046,1.7360850232693512E-6
P47,UMag,2.0228775166562327,2.022892685296028,2.0228854127384275,2.0228854127392095,1.7793620800031225E-6
P47,p,3.76435176,3.76491193,3.7646686586056104,3.764668658973299,5.261608938024373E-5
P47,k,0.283229674,0.283229883,0.2832296868267327,0.28322968682673394,2.636613261705944E-8
P48,Ux,2.02464808,2.02466347,2.0246564253795376,2.024656425380364,1.828925978676607E-6
P48,Uy,-2.12466848E-6,4.45641332E-6,1.6129497341989272E-6,1.9415786099290698E-6,1.0807963052683455E-6
P48,Uz,0.0999165327,0.0999351374,0.0999272380038779,0.09992723802057486,1.8267358989101323E-6
P48,UMag,2.027112664219556,2.027128056872912,2.02712088779452,2.0271208877953444,1.8275661360609513E-6
P48,p,3.75809802,3.75865934,3.758416675321782,3.7584166756916133,5.2725337271634734E-5
P48,k,0.282279589,0.282279859,0.282279630039604,0.28227963003960554,2.997372473654703E-8
P49,Ux,2.02958018,2.02959524,2.02958806839934,2.0295880684001197,1.779035062825951E-6
P49,Uy,-1.75851846E-6,4.64406936E-6,1.5663400858901238E-6,1.8455332048123312E-6,9.759977179269394E-7
P49,Uz,0.101083903,0.101102571,0.10109484955940592,0.10109484957560676,1.8098726065891412E-6
P49,UMag,2.0320962857292986,2.0321116073665673,2.0321043024419505,2.032104302442729,1.7783461469221924E-6
P49,p,3.75091545,3.75147648,3.7512352397772277,3.7512352401480737,5.274715273813576E-5
P49,k,0.280686367,0.280686697,0.28068640982178217,0.2806864098217844,3.538973842058154E-8
P4,Ux,1.85933834,1.85935644,1.859350076914191,1.8593500769153872,2.1087105336642596E-6
P4,Uy,-5.20779881E-6,5.30815828E-6,1.7575835561588286E-6,2.2990504731778557E-6,1.482070552078884E-6
P4,Uz,0.0133062793,0.013313042,0.013309652560643565,0.01330965259949323,1.0169322036687825E-6
P4,UMag,1.8593859834106798,1.8594040707288422,1.859397713072277,1.859397713073473,2.108782996561161E-6
P4,p,3.87314516,3.87385837,3.8735834567574257,3.873583457472657,7.44380014178229E-5
P4,k,0.11879229,0.118792358,0.1187923248118812,0.11879232481188176,1.1696206434455119E-8
P50,Ux,2.0351418,2.03515736,2.0351495105363036,2.0351495105370923,1.7914298526568103E-6
P50,Uy,-1.81855239E-6,4.83428617E-6,1.5085755831339685E-6,1.7806201782272495E-6,9.459428783399385E-7
P50,Uz,0.102353641,0.102372658,0.10236491664026404,0.10236491665688638,1.8447470237979058E-6
P50,UMag,2.03771445157541,2.0377301571011146,2.037722283924261,2.0377222839250466,1.7894621054866453E-6
P50,p,3.74320315,3.74376389,3.74352399559406,3.743523995967014,5.284249997421486E-5
P50,k,0.279001688,0.279002108,0.27900173381683163,0.279001733816835,4.312170335996286E-8
P51,Ux,2.04004397,2.04006071,2.0400519254537954,2.040051925454657,1.8748879065466679E-6
P51,Uy,-2.18133241E-6,4.97780584E-6,1.4630930884082387E-6,1.7835249054912704E-6,1.0199606380442764E-6
P51,Uz,0.103591159,0.103611053,0.10360282000577559,0.10360282002369481,1.9269053510267393E-6
P51,UMag,2.042672870856245,2.042689759827763,2.042680935160404,2.042680935161264,1.8740394022710331E-6
P51,p,3.73591435,3.73647423,3.7362360244471944,3.7362360248235973,5.3034476184206474E-5
P51,k,0.277291332,0.277291812,0.2772913891782178,0.2772913891782223,4.9930227766856826E-8
P52,Ux,2.04323788,2.04325395,2.0432456263448846,2.0432456263457173,1.8446054851710828E-6
P52,Uy,-1.97075427E-6,4.17538524E-6,1.4342810854739516E-6,1.7055222193555783E-6,9.228454955014083E-7
P52,Uz,0.10506724,0.105087219,0.10507918310231024,0.10507918311957508,1.904823134230643E-6
P52,UMag,2.045937984973317,2.0459542536871194,2.0459458263369266,2.045945826337757,1.8434912660016086E-6
P52,p,3.7286956,3.72925376,3.729017361889439,3.729017362267286,5.3084795938940735E-5
P52,k,0.275140909,0.275141539,0.2751410105841584,0.27514101058416485,5.9223233888668916E-8
P53,Ux,2.04554487,2.04556144,2.0455524292326728,2.0455524292335268,1.8686088404647616E-6
P53,Uy,-2.04190681E-6,4.42137933E-6,1.409258858933779E-6,1.700343139580496E-6,9.513970048487232E-7
P53,Uz,0.106671472,0.106691239,0.10668345738531355,0.10668345740331257,1.9596939843823374E-6
P53,UMag,2.0483248740967754,2.0483416445755243,2.0483325171529456,2.0483325171537943,1.8642061892288844E-6
P53,p,3.72145619,3.72201291,3.7217781809818478,3.721778181362488,5.322888866388962E-5
P53,k,0.273056897,0.273057647,0.2730570098712871,0.27305700987129616,7.038559475167352E-8
P54,Ux,2.04956872,2.04958496,2.049576060371287,2.0495760603721562,1.8877273720191657E-6
P54,Uy,-2.44535222E-6,4.55601017E-6,1.3917751501607427E-6,1.7166778188080616E-6,1.0049600315349094E-6
P54,Uz,0.108231781,0.108252817,0.10824430134983498,0.10824430136891165,2.0322107399276323E-6
P54,UMag,2.0524250168960823,2.052441434442033,2.052432424229576,2.0524324242304397,1.8831491946045945E-6
P54,p,3.71383691,3.71439162,3.714158620321782,3.71415862070573,5.340491602145483E-5
P54,k,0.270676527,0.270677427,0.2706766787821782,0.270676678782191,8.319006080896601E-8
P55,Ux,2.05617457,2.0561903,2.056181743671617,2.0561817436724272,1.8251611351872083E-6
P55,Uy,-2.17256794E-6,4.20226367E-6,1.4118870661900124E-6,1.6873209376885143E-6,9.239192925182408E-7
P55,Uz,0.110091362,0.110112757,0.11010419766501649,0.11010419768377608,2.032490686998675E-6
P55,UMag,2.0591203312059116,2.059136118224574,2.059127557330751,2.0591275573315553,1.8200999521839925E-6
P55,p,3.70504705,3.70559918,3.7053678563118813,3.7053678566979573,5.3489330463597014E-5
P55,k,0.2676433,0.26764444,0.2676435051485148,0.2676435051485349,1.0361642766492652E-7
P56,Ux,2.06334735,2.06336359,2.0633548893234326,2.063354889324254,1.8415340689332344E-6
P56,Uy,-2.52852972E-6,4.55464462E-6,1.4422919035232424E-6,1.7370788063106689E-6,9.681099340286724E-7
P56,Uz,0.112042951,0.112064716,0.11205609150495048,0.11205609152464614,2.1009605148500962E-6
P56,UMag,2.0663877499160845,2.0664040892792594,2.066395404308124,2.0663954043089388,1.835587673342917E-6
P56,p,3.69604501,3.69659455,3.696364756361386,3.696364756751208,5.368282182216508E-5
P56,k,0.26456595,0.2645673,0.2645661784405941,0.2645661784406234,1.2471866929482402E-7
P57,Ux,2.07031345,2.07032969,2.0703211028382835,2.0703211028391286,1.8701945761652378E-6
P57,Uy,-2.3805095E-6,4.50513379E-6,1.4422189484499768E-6,1.7425705808193018E-6,9.78037184297592E-7
P57,Uz,0.11357788,0.113600111,0.11359148919801981,0.1135914892182857,2.1457090668896316E-6
P57,UMag,2.073427080467896,2.073443506885135,2.073434950820357,2.0734349508211944,1.8637409976578772E-6
P57,p,3.68696229,3.68750896,3.687280889438944,3.687280889832181,5.385123516742894E-5
P57,k,0.261300377,0.261301996,0.26130066463861384,0.2613006646386558,1.4810879762511775E-7
P58,Ux,2.07721884,2.07723491,2.0772266721947195,2.077226672195549,1.8565618535157803E-6
P58,Uy,-2.43119168E-6,3.84807037E-6,1.428765088422863E-6,1.6977844158173455E-6,9.17116265637162E-7
P58,Uz,0.114223072,0.114246021,0.11423706717079207,0.11423706719101707,2.149625081986998E-6
P58,UMag,2.080357648081481,2.0803737338659163,2.080365534034938,2.0803655340357574,1.846047391763944E-6
P58,p,3.67770528,3.67824851,3.6780225270214526,3.678022527416976,5.3939731496825054E-5
P58,k,0.257793158,0.257795047,0.2577934808671617,0.2577934808672211,1.7493384325502898E-7
P59,Ux,2.08428879,2.08430536,2.0842971051980195,2.084297105198883,1.8967108173144948E-6
P59,Uy,-3.01123001E-6,4.12597829E-6,1.413644784664505E-6,1.71555980224735E-6,9.719844946694426E-7
P59,Uz,0.114958358,0.114982322,0.11497272853630364,0.11497272855779611,2.2230834173948205E-6
P59,UMag,2.087457322719449,2.08747384895239,2.0874657245214503,2.0874657245223,1.8832271641921612E-6
P59,p,3.66840636,3.66894614,3.668722126023102,3.6687221264224004,5.412788759994419E-5
P59,k,0.254286269,0.254288458,0.25428663392326734,0.2542866339233484,2.0299532149187394E-7
P5,Ux,1.87758768,1.87760256,1.8775968810891086,1.8775968810901242,1.9525630448788483E-6
P5,Uy,-5.17526785E-6,6.30312807E-6,1.7983635349300162E-6,2.3608231526744026E-6,1.5295014071381306E-6
P5,Uz,0.015809676,0.015817024,0.015813598451980198,0.015813598495407564,1.171958134504268E-6
P5,UMag,1.8776542719141545,1.8776691354334962,1.8776634729840431,1.8776634729850576,1.951894815114203E-6
P5,p,3.87341419,3.8741228,3.8738449899587457,3.873844990635456,7.240814110146684E-5
P5,k,0.12976347,0.1297635,0.12976348393564358,0.12976348393564377,7.078472236511309E-9
P60,Ux,2.09309455,2.09311062,2.0931028404455443,2.093102840446379,1.869543978079953E-6
P60,Uy,-3.04595785E-6,4.01242655E-6,1.3980079915492658E-6,1.6823643012790598E-6,9.3590773999501E-7
P60,Uz,0.118149929,0.118173967,0.11816440766254124,0.11816440768407979,2.2561422829263188E-6
P60,UMag,2.096427240840104,2.0964433639210442,2.0964356245607507,2.0964356245615705,1.8541026550779327E-6
P60,p,3.65709646,3.65763165,3.657410230627063,3.657410231028912,5.421675126525873E-5
P60,k,0.2499705,0.249973095,0.24997092981435648,0.24997092981447316,2.4156365147676584E-7
P61,Ux,2.10132408,2.10134049,2.1013324036551158,2.1013324036559444,1.8664196208859252E-6
P61,Uy,-2.91484912E-6,3.8583241E-6,1.3722008433674257E-6,1.643058100538409E-6,9.037171942630114E-7
P61,Uz,0.121140875,0.121164596,0.12115545034735972,0.12115545036895797,2.28768147051308E-6
P61,UMag,2.104813888359046,2.104830097780869,2.104822204797322,2.104822204798133,1.8471230471364019E-6
P61,p,3.64485657,3.64538717,3.6451684193811875,3.6451684197854988,5.4291475497962055E-5
P61,k,0.245158903,0.245161992,0.24515941832755778,0.2451594183277275,2.885010380859657E-7
P62,Ux,2.11056283,2.11058042,2.1105717935231025,2.110571793523982,1.927067544329262E-6
P62,Uy,-3.03086162E-6,4.49685531E-6,1.3558196879394745E-6,1.6841912276465546E-6,9.99126150732386E-7
P62,Uz,0.125262606,0.125286877,0.12527736230858086,0.12527736233103076,2.371693647220237E-6
P62,UMag,2.114277600286531,2.11429498340395,2.1142865730857907,2.1142865730866514,1.9073489933363022E-6
P62,p,3.63248117,3.63300689,3.632790981179867,3.632790981588228,5.446994362725722E-5
P62,k,0.24038453,0.240388115,0.24038512951732674,0.24038512951756086,3.3550973809056304E-7
P63,Ux,2.11986585,2.11988294,2.119874027178218,2.1198740271790593,1.8885514358697933E-6
P63,Uy,-2.86359626E-6,4.16154585E-6,1.332767290966844E-6,1.6289736783141993E-6,9.36635784480495E-7
P63,Uz,0.136439668,0.136463748,0.13645458630858084,0.13645458632967383,2.399263502331936E-6
P63,UMag,2.1242530472853627,2.124269908449375,2.1242612233993103,2.12426122340013,1.866289635448046E-6
P63,p,3.61849101,3.61901156,3.618798925874587,3.618798926284555,5.447182659762249E-5
P63,k,0.234926645,0.234930904,0.2349273729587459,0.234927372959086,3.9976937858433357E-7
P64,Ux,2.12516514,2.12518256,2.1251736375825083,2.1251736375833334,1.8727177125867609E-6
P64,Uy,-2.77079329E-6,4.17958771E-6,1.3044512530179868E-6,1.6008425642664914E-6,9.279568115311829E-7
P64,Uz,0.150142601,0.150167537,0.15015877106600659,0.1501587710862873,2.467924924493443E-6
P64,UMag,2.130463494445259,2.130480588777851,2.1304719304446347,2.130471930445432,1.842734742933603E-6
P64,p,3.60530594,3.60582217,3.6056124026815177,3.6056124030934056,5.449963873366172E-5
P64,k,0.229479978,0.229484942,0.22948085533003298,0.22948085533050927,4.675360472029124E-7
P65,Ux,2.13432778,2.13434554,2.1343363515594063,2.1343363515602523,1.9007842642274332E-6
P65,Uy,-2.86403629E-6,4.44907747E-6,1.280128374831118E-6,1.6492581725349332E-6,1.0398672336531753E-6
P65,Uz,0.162749866,0.162776208,0.16276670805858087,0.162766708079184,2.5897910718961385E-6
P65,UMag,2.140525310826871,2.140542651222495,2.140533733172569,2.140533733173384,1.8679741908960873E-6
P65,p,3.59106369,3.59157504,3.591368428712871,3.59136842912821,5.4619279478520174E-5
P65,k,0.223897086,0.22390277,0.2238981001831683,0.2238981001838093,5.357435391268248E-7
P66,Ux,2.161219,2.16123405,2.161226693283828,2.161226693284499,1.7019415554155112E-6
P66,Uy,-2.40705452E-6,3.88246529E-6,1.226680265960929E-6,1.5279303120460545E-6,9.109481673351002E-7
P66,Uz,0.168820734,0.168847668,0.16883749334158416,0.16883749336138604,2.5858458081228715E-6
P66,UMag,2.16780394779674,2.1678186499720327,2.1678115506034086,2.1678115506040507,1.6682845852503803E-6
P66,p,3.57375357,3.57426177,3.5740581596287133,3.574058160044132,5.449280823754599E-5
P66,k,0.215082485,0.215089474,0.21508377704290432,0.21508377704390144,6.5493072453092E-7
P67,Ux,2.1979986,2.19801146,2.1980055842409243,2.198005584241472,1.5518945096204019E-6
P67,Uy,-2.49082398E-6,3.68236928E-6,1.1455137473091832E-6,1.4698398706908368E-6,9.209926710881737E-7
P67,Uz,0.175589848,0.175617216,0.175606334900165,0.17560633491999528,2.639060660675894E-6
P67,UMag,2.20500270857082,2.2050151397586086,2.2050093272411737,2.2050093272416986,1.5215880281282674E-6
P67,p,3.55792757,3.55843749,3.55823221379538,3.5582322142123655,5.4474460873059646E-5
P67,k,0.206118116,0.20612644,0.20611968954042903,0.2061196895418986,7.78342057791257E-7
P68,Ux,2.22403907,2.22405142,2.2240459989686467,2.224045998969184,1.5457422119663073E-6
P68,Uy,-2.43989695E-6,3.65685673E-6,1.0963677498385808E-6,1.481426001799842E-6,9.962935089232253E-7
P68,Uz,0.179380067,0.179407868,0.1793965214480198,0.1793965214680599,2.681463079607866E-6
P68,UMag,2.2312627627135253,2.2312749118041437,2.2312695304345396,2.2312695304350547,1.516972147062393E-6
P68,p,3.54108259,3.54159911,3.541387661287129,3.5413876617063385,5.449008581814799E-5
P68,k,0.196440044,0.196449882,0.19644194429042902,0.19644194429256276,9.155868349236484E-7
P69,Ux,2.24766094,2.24767261,2.2476677118646866,2.2476677118651613,1.4611924879013092E-6
P69,Uy,-2.02335138E-6,3.49350576E-6,1.0606933897942244E-6,1.4100109246187555E-6,9.290104091941465E-7
P69,Uz,0.174601569,0.174628102,0.17461714355033003,0.17461714356888283,2.5454427121036266E-6
P69,UMag,2.254433703425542,2.2544452531491364,2.254440349574429,2.2544403495748817,1.4281872905901564E-6
P69,p,3.525457,3.52597927,3.5257638167079213,3.5257638171266343,5.4337545390642626E-5
P69,k,0.182583163,0.182595537,0.18258565519471948,0.18258565519825046,1.1355207482362276E-6
P6,Ux,1.89124267,1.89125705,1.8912507044884488,1.891250704489259,1.7505772698983803E-6
P6,Uy,-4.29939685E-6,5.02967808E-6,1.7356242026150415E-6,2.250403272118333E-6,1.4324536692185904E-6
P6,Uz,0.0181824844,0.0181898377,0.0181865793919967,0.01818657942190471,1.0429998699534936E-6
P6,UMag,1.8913301229853554,1.891344489386223,1.89133814504551,1.8913381450463194,1.7497258379740694E-6
P6,p,3.87360972,3.87430914,3.874031369075908,3.874031369722916,7.080296855878731E-5
P6,k,0.139955774,0.139955804,0.13995579153712873,0.13995579153712887,6.7623087352133835E-9
P70,Ux,2.26835696,2.26836829,2.268363747549505,2.2683637475499685,1.4502417068325593E-6
P70,Uy,-2.20541602E-6,4.30084047E-6,1.0220911163628879E-6,1.426563176259319E-6,9.951945768095514E-7
P70,Uz,0.173008627,0.173034949,0.1730236882929043,0.17302368831079193,2.487965643270812E-6
P70,UMag,2.274946352952099,2.2749573800616,2.2749530298262552,2.2749530298266913,1.4084264748196495E-6
P70,p,3.51121303,3.51174075,3.511521733737624,3.511521734157177,5.4282050076751576E-5
P70,k,0.168939583,0.168954521,0.16894268302145216,0.1689426830269421,1.361976601089344E-6
P71,Ux,2.30835382,2.30836448,2.308360155,2.308360155000425,1.4004256484022308E-6
P71,Uy,-2.92365278E-6,4.640204E-6,9.992136609746123E-7,1.4349406036972354E-6,1.0298672709920922E-6
P71,Uz,0.168247138,0.168273988,0.16826169700660068,0.16826169702488375,2.4804610016047935E-6
P71,UMag,2.3144784341512845,2.3144886543058303,2.314484522281256,2.3144845222816546,1.3581511542169152E-6
P71,p,3.49762311,3.49815629,3.4979347865676576,3.497934786987489,5.419494289824231E-5
P71,k,0.152269105,0.152285512,0.15227255560561057,0.15227255561290778,1.4907487955792245E-6
P72,Ux,2.37327657,2.37328705,2.3732827202970297,2.3732827202974187,1.3591016049469391E-6
P72,Uy,-2.57439021E-6,4.01867524E-6,1.001600420578881E-6,1.3772232053683813E-6,9.452726352229641E-7
P72,Uz,0.157843303,0.157870586,0.15785766490511552,0.1578576649256402,2.5455769564727736E-6
P72,UMag,2.3785209492355674,2.3785304015442628,2.378526836686587,2.378526836686942,1.2984180003801056E-6
P72,p,3.48883296,3.48937045,3.489148614851485,3.4891486152695705,5.401411916376634E-5
P72,k,0.130944281,0.130960284,0.13094764055033004,0.1309476405584213,1.455702098852257E-6
P73,Ux,2.4378832,2.43789927,2.437892876410891,2.4378928764114307,1.6222429486090822E-6
P73,Uy,-2.65198533E-6,5.03134526E-6,1.0049704553557343E-6,1.426514221444851E-6,1.0124115802609614E-6
P73,Uz,0.146263111,0.146291336,0.1462777719579208,0.1462777719835279,2.7370603145926404E-6
P73,UMag,2.4422681953892584,2.442283070958028,2.442277392810596,2.4422773928110826,1.5419062364712595E-6
P73,p,3.48022657,3.48076865,3.4805462904372937,3.4805462908553206,5.394372129560738E-5
P73,k,0.109669094,0.109684661,0.10967234740511551,0.10967234741429857,1.4192451231357934E-6
P74,Ux,2.51042524,2.51044994,2.510442088762376,2.510442088763372,2.2360186697304504E-6
P74,Uy,-2.48817482E-6,4.92303701E-6,9.909986571111881E-7,1.4226675135516486E-6,1.0207372412717448E-6
P74,Uz,0.142005883,0.142035883,0.14202114773927393,0.14202114777089642,2.997019214644114E-6
P74,UMag,2.5144399062172034,2.5144632066539803,2.5144561017138938,2.5144561017148,2.1350198303645723E-6
P74,p,3.47821473,3.47876054,3.478538756452145,3.4785387568684447,5.381662127416219E-5
P74,k,0.0933578815,0.0933721219,0.09336080744166665,0.09336080745077245,1.3039343260005863E-6
P75,Ux,2.58875131,2.58878818,2.5887777142326733,2.588777714234677,3.2209916357255426E-6
P75,Uy,-2.43008824E-6,3.86690033E-6,9.643441261179125E-7,1.3990915725128003E-6,1.0136555799176662E-6
P75,Uz,0.153644859,0.153678147,0.15366155359240924,0.15366155362767894,3.29229243874023E-6
P75,UMag,2.593308593889868,2.593343952853544,2.5933341332681743,2.593334133270017,3.0913226844298003E-6
P75,p,3.48298234,3.48353045,3.4833100686633665,3.483310069077038,5.3683299898403516E-5
P75,k,0.081753297,0.0817656102,0.08175574747813531,0.08175574748602533,1.1358303274758716E-6
P76,Ux,2.66668617,2.66673607,2.666722344488449,2.666722344492001,4.352544263987882E-6
P76,Uy,-2.80180934E-6,4.19147668E-6,9.407619067033416E-7,1.4709281831183062E-6,1.1307505272108498E-6
P76,Uz,0.15403487,0.154071847,0.15405298578960397,0.15405298583343532,3.6748750549417504E-6
P76,UMag,2.6711332171893623,2.6711814384099495,2.671168355802682,2.6711683558059898,4.203453047345046E-6
P76,p,3.48712001,3.48767071,3.487451658564356,3.487451658976939,5.364440430236695E-5
P76,k,0.0695226644,0.0695329155,0.06952460874232673,0.06952460874890588,9.564657546065803E-7
P77,Ux,2.81638912,2.81645475,2.8164364716254124,2.816436471631207,5.713017942216614E-6
P77,Uy,-2.4624379E-6,4.35306402E-6,9.376577976440883E-7,1.4372385294059322E-6,1.0892439786045017E-6
P77,Uz,0.105824694,0.105862421,0.10584313558745875,0.10584313565352105,3.7395830914417356E-6
P77,UMag,2.8183779434422314,2.8184423449139797,2.818424589743359,2.8184245897489393,5.608550352319533E-6
P77,p,3.50733175,3.50788273,3.5076660220544555,3.507666022462583,5.350842323795418E-5
P77,k,0.0631162248,0.0631239187,0.06311757631724423,0.0631175763214837,7.315537022770455E-7
P78,Ux,3.02604246,3.02612331,3.0261002501320133,3.026100250140153,7.0188170575112445E-6
P78,Uy,-2.55504941E-6,4.34355E-6,9.349594776581765E-7,1.4405383856231124E-6,1.095902192529421E-6
P78,Uz,0.0270197607,0.0270575726,0.02703789489950495,0.027037895155154618,3.7181255694300267E-6
P78,UMag,3.0261634103036545,3.0262439838171207,3.026221038130869,3.026221038138951,6.994140523262684E-6
P78,p,3.53335995,3.53391036,3.53369617959571,3.533696179999506,5.342086104667728E-5
P78,k,0.0585324184,0.0585375739,0.058533343415264026,0.05853334341732881,4.916474368737892E-7
P79,Ux,3.19986537,3.19996347,3.1999348352145214,3.199934835225896,8.531925602817537E-6
P79,Uy,-2.82624345E-6,4.5725855E-6,9.377715993246948E-7,1.5458741125085236E-6,1.228947191389451E-6
P79,Uz,-0.035242575,-0.0352044433,-0.0352244826639439,0.03522448286343596,3.7488677913528332E-6
P79,UMag,3.200059041636103,3.200157477987452,3.200128702695292,3.200128702706747,8.56236727303023E-6
P79,p,3.55890894,3.55945935,3.5592476620709568,3.5592476624724045,5.3457466116373065E-5
P79,k,0.0539672207,0.0539698678,0.0539677313040429,0.053967731304722134,2.707638042005246E-7
P7,Ux,1.90229318,1.90230688,1.9023002125660067,1.9023002125668111,1.7495529178296795E-6
P7,Uy,-4.78562828E-6,5.25970363E-6,1.704135669398267E-6,2.243351052618452E-6,1.4589535858171903E-6
P7,Uz,0.0205542727,0.0205620727,0.020558755565759076,0.02055875559748513,1.1421454712365557E-6
P7,UMag,1.9024042656517925,1.9024179788340803,1.9024113017866104,1.9024113017874145,1.7491364107702956E-6
P7,p,3.87372572,3.87441078,3.8741355658168324,3.8741355664381145,6.938201818627109E-5
P7,k,0.149613149,0.149613194,0.14961317469306928,0.14961317469306948,7.236448694646985E-9
P80,Ux,3.46122739,3.46133665,3.4613039958580853,3.4613039958711385,9.505842749382015E-6
P80,Uy,-2.41532138E-6,4.39775816E-6,9.567672105166833E-7,1.5058554763315955E-6,1.1628401525910523E-6
P80,Uz,-0.111003848,-0.11097185,-0.11098819020049505,0.11098819024521808,3.150786530265954E-6
P80,UMag,3.463005942866582,3.4631159693001834,3.463082980541755,3.463082980554998,9.57704595256106E-6
P80,p,3.60135547,3.60190415,3.601694712731023,3.6016947131261605,5.3350995465979114E-5
P80,k,0.0690523991,0.0690541314,0.06905286943671617,0.06905286943702812,2.0756244079446166E-7
P81,Ux,3.70437204,3.70449043,3.7044545366089108,3.704454536623251,1.0307484926674524E-5
P81,Uy,-2.57085148E-6,4.66952416E-6,9.814720048270296E-7,1.5674976373738308E-6,1.2221953800081852E-6
P81,Uz,-0.185883948,-0.185856548,-0.1858705634719472,0.1858705634916619,2.707169579173544E-6
P81,UMag,3.7090315925441426,3.7091509546999184,3.7091146221403855,3.709114622154963,1.0398835198318423E-5
P81,p,3.64248526,3.64303193,3.6428247716006608,3.6428247719910525,5.333162055388277E-5
P81,k,0.0849488004,0.0849503602,0.08494923224686468,0.08494923224706497,1.844645334672611E-7
P82,Ux,3.97789307,3.97801958,3.977980593473597,3.977980593488892,1.1030985375149829E-5
P82,Uy,-3.45079881E-6,5.08953974E-6,1.0000901706387788E-6,1.6622459535438338E-6,1.3277353880440737E-6
P82,Uz,-0.253748601,-0.253727227,-0.2537378988292079,0.2537378988386617,2.190333929822876E-6
P82,UMag,3.9859768700053406,3.986104181205555,3.9860647916661707,3.986064791681648,1.1107863115592807E-5
P82,p,3.68746647,3.68801142,3.6878063557673273,3.68780635615371,5.3383637021459745E-5
P82,k,0.101376433,0.101378346,0.10137710417079208,0.10137710417101797,2.1401458041935565E-7
P83,Ux,4.30788406,4.3080011,4.307965322442245,4.3079653224540815,1.0099012718908506E-5
P83,Uy,-3.29841709E-6,4.7468025E-6,1.0106073120972112E-6,1.5362545510983443E-6,1.1570440382742682E-6
P83,Uz,-0.265482852,-0.265468793,-0.26547520712541256,0.26547520713005546,1.570084483268821E-6
P83,UMag,4.316055995959925,4.3161734697841165,4.316137428878655,4.316137428890559,1.0137245662571702E-5
P83,p,3.74472287,3.74526438,3.7450615165841583,3.745061516963223,5.328455559756802E-5
P83,k,0.119973206,0.119975913,0.11997434319471947,0.1199743431950456,2.797384446191284E-7
P84,Ux,4.61870748,4.6188164,4.61878339220297,4.618783392212404,9.335615203928292E-6
P84,Uy,-2.88824522E-6,4.86436798E-6,1.0156735325756658E-6,1.5342443305362938E-6,1.1499186671273879E-6
P84,Uz,-0.271638699,-0.271629439,-0.27163322592574257,0.27163322592811234,1.1346509892573499E-6
P84,UMag,4.626688197948283,4.626797029350105,4.626763948325075,4.626763948334473,9.32476961033784E-6
P84,p,3.80064963,3.80118798,3.8009868532013202,3.800986853574906,5.329155715194212E-5
P84,k,0.139298868,0.139302512,0.13930067440924093,0.13930067440968288,3.508955833430521E-7
P85,Ux,4.92134146,4.92143787,4.9214090106270625,4.921409010633891,8.197930236821425E-6
P85,Uy,-2.55853717E-6,5.03040618E-6,1.0320604135639273E-6,1.5575739524772337E-6,1.1665710094931241E-6
P85,Uz,-0.261247284,-0.261239144,-0.26124269313448845,0.261242693136887,1.119476472216848E-6
P85,UMag,4.928270568188042,4.928366764186735,4.928337893712392,4.928337893719169,8.172662235713552E-6
P85,p,3.85578365,3.85632602,3.856119832665016,3.8561198330336386,5.3318863103194594E-5
P85,k,0.178559133,0.178563123,0.17856125652722774,0.17856125652763197,3.7995374490574396E-7
P86,Ux,5.1551726,5.1552521,5.155228563432344,5.155228563436614,6.635970381617738E-6
P86,Uy,-2.11317194E-6,4.51308224E-6,1.0587151501295717E-6,1.4758810097857446E-6,1.028273789383113E-6
P86,Uz,-0.206209885,-0.206203077,-0.20620642399339936,0.20620642399563122,9.594018367955678E-7
P86,UMag,5.159295094819117,5.159374539729521,5.159350989274529,5.159350989278786,6.6273240038581706E-6
P86,p,3.90547763,3.90602287,3.905812782128713,3.905812782491711,5.3250407148444286E-5
P86,k,0.261526694,0.261529664,0.2615282102871287,0.26152821028729417,2.9417206646016227E-7
P87,Ux,5.38187477,5.38193802,5.381919670206271,5.381919670208792,5.210641723317767E-6
P87,Uy,-2.29819302E-6,4.30004172E-6,1.0840195243506765E-6,1.5037149573682627E-6,1.042142189837629E-6
P87,Uz,-0.154169913,-0.154163148,-0.1541665458729373,0.15416654587621645,1.0055197030860754E-6
P87,UMag,5.384082367661369,5.384145672846295,5.384127288653456,5.3841272886559794,5.212009749736417E-6
P87,p,3.95410439,3.9546525,3.9544385365429044,3.954438536901747,5.3273309467899226E-5
P87,k,0.343552105,0.343554265,0.3435530756930693,0.34355307569315174,2.3796167186954234E-7
P88,Ux,5.56220999,5.5622604,5.562246031155116,5.562246031156646,4.125966171770218E-6
P88,Uy,-2.28657519E-6,4.21846802E-6,1.096763259720264E-6,1.4920412269870616E-6,1.0115816206104365E-6
P88,Uz,-0.105506998,-0.105499271,-0.10550296758333333,0.10550296758867293,1.0614552190268071E-6
P88,UMag,5.563210415683745,5.563260928070958,5.563246515055128,5.563246515056662,4.131969218292479E-6
P88,p,3.99855242,3.99910167,3.998885136122112,3.9988851364763973,5.323054349589573E-5
P88,k,0.445787788,0.445790008,0.4457888372574258,0.4457888372574876,2.3480019538251212E-7
P89,Ux,5.70392561,5.70396688,5.703955862549504,5.703955862550532,3.4231737467069527E-6
P89,Uy,-1.88715804E-6,3.96642589E-6,1.091041235507863E-6,1.4265732354205123E-6,9.190975021398024E-7
P89,Uz,-0.0546466738,-0.0546343852,-0.054641176839686466,0.05464117685274628,1.194657885201592E-6
P89,UMag,5.704187260663692,5.704228633874863,5.704217574753151,5.704217574754181,3.4297458085262032E-6
P89,p,4.03625458,4.03680327,4.036585652673267,4.036585653022966,5.313358071675379E-5
P89,k,0.564420478,0.564424558,0.5644228378514852,0.564422837851594,3.505200912629893E-7
P8,Ux,1.9113589,1.91137243,1.9113670504537956,1.9113670504545905,1.7434480484694376E-6
P8,Uy,-4.27145966E-6,5.60416645E-6,1.6845389078830862E-6,2.2036869165469175E-6,1.4207620117345906E-6
P8,Uz,0.0229948086,0.0230026495,0.02299918562293729,0.022999185652467162,1.1654723207768906E-6
P8,UMag,1.9114972673575743,1.911510805470739,1.9115054182779543,1.9115054182787488,1.7426210079517772E-6
P8,p,3.87378458,3.87444811,3.8741795472524756,3.8741795478469063,6.786650672660637E-5
P8,k,0.158733706,0.158733736,0.15873372054207918,0.1587337205420793,4.129789342736007E-9
P90,Ux,5.83488028,5.83491275,5.834904759975248,5.834904759975952,2.8667195432969383E-6
P90,Uy,-2.45238999E-6,4.31752904E-6,1.0869231967538614E-6,1.4627172594566643E-6,9.7884612961935E-7
P90,Uz,-0.00964895996,-0.00963231815,-0.009641964812062706,0.009641964930016253,1.5081803307170308E-6
P90,UMag,5.834888231077158,5.834920726629997,5.8349127264657215,5.834912726466428,2.86823986954276E-6
P90,p,4.0741296,4.07467799,4.074459133704621,4.074459134051262,5.3148380594239196E-5
P90,k,0.683656322,0.683661782,0.6836597437821782,0.6836597437823373,4.663878385218931E-7
P91,Ux,5.89475219,5.89477993,5.894773253688118,5.894773253688687,2.589813539647513E-6
P91,Uy,-2.0533977E-6,4.04400714E-6,1.0854851216999496E-6,1.4265791277981378E-6,9.256619568921159E-7
P91,Uz,0.00139522117,0.00141335001,0.001402655316881188,0.0014026562404213393,1.6096017705423866E-6
P91,UMag,5.8947523593590985,5.894780095793279,5.894773420568714,5.894773420569283,2.58957737716533E-6
P91,p,4.09812212,4.09866937,4.098450272046206,4.09845027238939,5.3038234766373547E-5
P91,k,0.769746602,0.769750982,0.769749332990099,0.7697493329901918,3.780722466184537E-7
P92,Ux,5.925021,5.92504671,5.925039967607261,5.925039967607755,2.418111880552925E-6
P92,Uy,-1.67649506E-6,3.53163345E-6,1.0926027983489027E-6,1.4012560479690543E-6,8.773469308147148E-7
P92,Uz,-0.0164512773,-0.0164330796,-0.016443297932838285,0.01644329801105901,1.6038745091701797E-6
P92,UMag,5.925043790082595,5.925069543319609,5.925062784460168,5.925062784460662,2.4209008645741517E-6
P92,p,4.11554565,4.11609318,4.115872523457095,4.115872523797452,5.293140059382871E-5
P92,k,0.843806261,0.843807761,0.8438070305049504,0.8438070305049709,1.8572510420459264E-7
P93,Ux,5.95858318,5.95860754,5.958600670057756,5.958600670058215,2.3378196549948565E-6
P93,Uy,-1.86182872E-6,3.96712302E-6,1.0918919155404372E-6,1.4553850870319802E-6,9.622462243794564E-7
P93,Uz,-0.0183460471,-0.0183260933,-0.018336960855775575,0.018336960942453632,1.782925746823906E-6
P93,UMag,5.958611364114789,5.958635775705942,5.958628885016371,5.958628885016831,2.3408440986578623E-6
P93,p,4.13338808,4.13393533,4.1337134017079205,4.133713402046372,5.289733140659226E-5
P93,k,0.915397392,0.915398532,0.9153977881881188,0.9153977881881409,2.0126905360134308E-7
P94,Ux,5.99276912,5.99279145,5.99278499269802,5.992784992698422,2.1940866894135517E-6
P94,Uy,-1.40500891E-6,3.60513998E-6,1.1012263724931683E-6,1.4030844105969557E-6,8.694517466689824E-7
P94,Uz,-0.0187152629,-0.0186953104,-0.01870617467128713,0.01870617475383157,1.7573222318492843E-6
P94,UMag,5.99279828372009,5.992820665715759,5.992814187815478,5.99281418781588,2.19699480627768E-6
P94,p,4.14033665,4.14088189,4.14065955029703,4.140659550631006,5.2590508767771554E-5
P94,k,0.97154691,0.97154817,0.9715472835148514,0.9715472835148758,2.1726135713998644E-7
P95,Ux,6.03074974,6.03077139,6.030764009587458,6.0307640095878225,2.0934263751300977E-6
P95,Uy,-1.33628301E-6,3.98104629E-6,1.1284158353371371E-6,1.423559856500291E-6,8.678711699322202E-7
P95,Uz,-0.0138756474,-0.0138555391,-0.013866773116006603,0.013866773233368677,1.804124890878971E-6
P95,UMag,6.030765658262797,6.0307873417160085,6.030779951775503,6.030779951775866,2.095395897330125E-6
P95,p,4.14669949,4.14724243,4.147019963514851,4.147019963845413,5.23611520082048E-5
P95,k,1.02678762,1.02678918,1.0267879370297028,1.026787937029731,2.4001462230089837E-7
P96,Ux,6.06361036,6.06363133,6.063623695346535,6.063623695346903,2.1152862149337417E-6
P96,Uy,-1.81345714E-6,4.30261766E-6,1.1409023352166008E-6,1.489954567711435E-6,9.582830872667412E-7
P96,Uz,-0.0142936054,-0.0142732354,-0.01428473912920792,0.014284739252285985,1.8751736079420685E-6
P96,UMag,6.063627161607538,6.063648166309749,6.063640521381992,6.063640521382362,2.1170131017349987E-6
P96,p,4.1517769,4.15231726,4.152094775338284,4.152094775665971,5.216493516585601E-5
P96,k,1.08005929,1.08006085,1.0800596215841585,1.0800596215841867,2.4666581662825894E-7
P97,Ux,6.07679465,6.07681495,6.076807487252475,6.076807487252822,2.0541153955364353E-6
P97,Uy,-1.49516916E-6,4.16300528E-6,1.1765949351591664E-6,1.4726997362777637E-6,8.857024736277934E-7
P97,Uz,-0.0171816685,-0.0171619909,-0.017173199795297026,0.017173199887247893,1.7771272082519562E-6
P97,UMag,6.076818894210789,6.0768392289515925,6.076831753136191,6.076831753136538,2.0560715089096372E-6
P97,p,4.1506491,4.15118544,4.150964244018152,4.150964244338564,5.1575542392173316E-5
P97,k,1.12196594,1.12196726,1.12196621990099,1.1219662199010172,2.469055820090284E-7
P98,Ux,6.08580609,6.08582571,6.085818786567657,6.085818786568009,2.0700690190552315E-6
P98,Uy,-1.56482486E-6,4.56330376E-6,1.2099231887901404E-6,1.528603149683345E-6,9.341913435960223E-7
P98,Uz,-0.0195585573,-0.0195393091,-0.019550487346699667,0.019550487426331812,1.7645663144849865E-6
P98,UMag,6.085837466929228,6.0858571291583115,6.085850189127297,6.08585018912765,2.0724121900136353E-6
P98,p,4.14990288,4.1504352,4.150215503828384,4.15021550414339,5.113415692068963E-5
P98,k,1.1628429,1.16284422,1.1628432224752474,1.1628432224752738,2.4746999394306336E-7
P99,Ux,6.09553059,6.09555021,6.0955430878795385,6.095543087879901,2.1055977276384296E-6
P99,Uy,-1.91029289E-6,5.04495012E-6,1.2363575252384157E-6,1.6201044502330366E-6,1.0469758829367702E-6
P99,Uz,-0.0216906702,-0.0216719334,-0.021682893895379536,0.021682893971568754,1.8176923070196596E-6
P99,UMag,6.095569125546256,6.095588787245405,6.095581652647236,6.095581652647601,2.1080313264355493E-6
P99,p,4.14908746,4.14961662,4.149398097813531,4.149398098124745,5.0820308441480166E-5
P99,k,1.19376068,1.19376188,1.193761008019802,1.1937610080198278,2.4805588560524344E-7
P9,Ux,1.91794462,1.91795782,1.9179521377062705,1.917952137707021,1.6964593354189162E-6
P9,Uy,-4.36455942E-6,4.83768376E-6,1.471728495039373E-6,1.922222218671273E-6,1.236508590686961E-6
P9,Uz,0.0251087687,0.0251150108,0.025112073896699668,0.025112073917617925,1.0249885845000762E-6
P9,UMag,1.91810900806537,1.9181221838236515,1.9181165289919688,1.9181165289927173,1.694743731973476E-6
P9,p,3.873726,3.87436054,3.874099648135314,3.874099648689811,6.554660100862264E-5
P9,k,0.167111044,0.167111059,0.1671110585668317,0.1671110585668317,2.511949437882308E-9
